🚀 FULL VILLAGES MODE ENABLED
This will fetch ALL 84,210 villages (may take 2-3 hours)
🇮🇩 Starting COMPLETE Indonesian Villages Data Fetch
============================================================
🏘️ Fetching complete villages data...
Found 7179 districts to process...
Fetching villages for Bakongan (110101)...
Fetching villages for Kluet Utara (110102)...
Fetching villages for Kluet Selatan (110103)...
Fetching villages for Labuhan Haji (110104)...
Fetching villages for Meukek (110105)...
Fetching villages for Samadua (110106)...
Fetching villages for Sawang (110107)...
Fetching villages for Tapaktuan (110108)...
Fetching villages for Trumon (110109)...
Fetching villages for Pasi Raja (110110)...
Fetching villages for Labuhan Haji Timur (110111)...
Fetching villages for Labuhan Haji Barat (110112)...
Fetching villages for Kluet Tengah (110113)...
Fetching villages for Kluet Timur (110114)...
Fetching villages for Bakongan  Timur (110115)...
Fetching villages for Trumon Timur (110116)...
Fetching villages for Kota Bahagia (110117)...
Fetching villages for Trumon Tengah (110118)...
Fetching villages for Lawe Alas (110201)...
Fetching villages for Lawe Sigala-Gala (110202)...
Fetching villages for Bambel (110203)...
Fetching villages for Babussalam (110204)...
Fetching villages for Badar (110205)...
Fetching villages for Babul Makmur (110206)...
Fetching villages for Darul Hasanah (110207)...
Fetching villages for Lawe Bulan (110208)...
Fetching villages for Bukit Tusam (110209)...
Fetching villages for Semadam (110210)...
Fetching villages for Babul Rahmah (110211)...
Fetching villages for Ketambe (110212)...
Fetching villages for Deleng Pokhkisen (110213)...
Fetching villages for Lawe Sumur (110214)...
Fetching villages for Tanoh Alas (110215)...
Fetching villages for Leuser (110216)...
Fetching villages for Darul Aman (110301)...
Fetching villages for Julok (110302)...
Fetching villages for Idi Rayeuk (110303)...
Fetching villages for Birem Bayeun (110304)...
Fetching villages for Serbajadi (110305)...
Fetching villages for Nurussalam (110306)...
Fetching villages for Peureulak (110307)...
Fetching villages for Rantau Selamat (110308)...
Fetching villages for Simpang Ulim (110309)...
Fetching villages for Rantau Peureulak (110310)...
Fetching villages for Pante Bidari (110311)...
Fetching villages for Madat (110312)...
Fetching villages for Indra Makmu (110313)...
Fetching villages for Idi Tunong (110314)...
Fetching villages for Banda Alam (110315)...
Fetching villages for Peudawa (110316)...
Fetching villages for Peureulak  Timur (110317)...
Fetching villages for Peureulak Barat (110318)...
Fetching villages for Sungai Raya (110319)...
Fetching villages for Simpang Jernih (110320)...
Fetching villages for Darul Ihsan (110321)...
Fetching villages for Darul Falah (110322)...
Fetching villages for Idi Timur (110323)...
Fetching villages for Peunaron (110324)...
Fetching villages for Linge (110401)...
Fetching villages for Silih Nara (110402)...
Fetching villages for Bebesen (110403)...
Fetching villages for Pegasing (110407)...
Fetching villages for Bintang (110408)...
Fetching villages for Ketol (110410)...
Fetching villages for Kebayakan (110411)...
Fetching villages for Kute Panang (110412)...
Fetching villages for Celala (110413)...
Fetching villages for Laut Tawar (110417)...
Fetching villages for Atu Lintang (110418)...
Fetching villages for Jagong Jeget (110419)...
Fetching villages for Bies (110420)...
Fetching villages for Rusip Antara (110421)...
Fetching villages for Johan Pahwalan (110501)...
Fetching villages for Kaway XVI (110502)...
Fetching villages for Sungai Mas (110503)...
Fetching villages for Woyla (110504)...
Fetching villages for Samatiga (110505)...
Fetching villages for Bubon (110506)...
Fetching villages for Arongan Lambalek (110507)...
Fetching villages for Pante Ceureumen (110508)...
Fetching villages for Meureubo (110509)...
Fetching villages for Woyla Barat (110510)...
Fetching villages for Woyla Timur (110511)...
Fetching villages for Panton Reu (110512)...
Fetching villages for Lhoong (110601)...
Fetching villages for Lhoknga (110602)...
Fetching villages for Indrapuri (110603)...
Fetching villages for Seulimeum (110604)...
Fetching villages for Montasik (110605)...
Fetching villages for Sukamakmur (110606)...
Fetching villages for Darul Imarah (110607)...
Fetching villages for Peukan Bada (110608)...
Fetching villages for Mesjid Raya (110609)...
Fetching villages for Ingin Jaya (110610)...
Fetching villages for Kuta Baro (110611)...
Fetching villages for Darussalam (110612)...
Fetching villages for Pulo Aceh (110613)...
Fetching villages for Lembah Seulawah (110614)...
Fetching villages for Kota Jantho (110615)...
Fetching villages for Kota Cot Glie (110616)...
Fetching villages for Kuta Malaka (110617)...
Fetching villages for Simpang Tiga (110618)...
Fetching villages for Darul Kamal (110619)...
Fetching villages for Baitussalam (110620)...
Fetching villages for Krueng Barona Jaya (110621)...
Fetching villages for Leupung (110622)...
Fetching villages for Blang Bintang (110623)...
Fetching villages for Batee (110703)...
Fetching villages for Delima (110704)...
Fetching villages for Geumpang (110705)...
Fetching villages for Geulumpang  Tiga (110706)...
Fetching villages for Indra Jaya (110707)...
Fetching villages for Kembang Tanjong (110708)...
Fetching villages for Kota Sigli (110709)...
Fetching villages for Mila (110711)...
Fetching villages for Muara Tiga (110712)...
Fetching villages for Mutiara (110713)...
Fetching villages for Padang Tiji (110714)...
Fetching villages for Peukan Baro (110715)...
Fetching villages for Pidie (110716)...
Fetching villages for Sakti (110717)...
Fetching villages for Simpang Tiga (110718)...
Fetching villages for Tangse (110719)...
Fetching villages for Tiro/Truseb (110721)...
Fetching villages for Keumala (110722)...
Fetching villages for Mutiara Timur (110724)...
Fetching villages for Grong-grong (110725)...
Fetching villages for Mane (110727)...
Fetching villages for Glumpang  Baro (110729)...
Fetching villages for Titeue (110731)...
Fetching villages for Baktiya (110801)...
Fetching villages for Dewantara (110802)...
Fetching villages for Kuta Makmur (110803)...
Fetching villages for Lhoksukon (110804)...
Fetching villages for Matangkuli (110805)...
Fetching villages for Muara Batu (110806)...
Fetching villages for Meurah Mulia (110807)...
Fetching villages for Samudera (110808)...
Fetching villages for Seunuddon (110809)...
Fetching villages for Syamtalira Aron (110810)...
Fetching villages for Syamtalira Bayu (110811)...
Fetching villages for Tanah Luas (110812)...
Fetching villages for Tanah Pasir (110813)...
Fetching villages for T. Jambo Aye (110814)...
Fetching villages for Sawang (110815)...
Fetching villages for Nisam (110816)...
Fetching villages for Cot Girek (110817)...
Fetching villages for Langkahan (110818)...
Fetching villages for Baktiya Barat (110819)...
Fetching villages for Paya Bakong (110820)...
Fetching villages for Nibong (110821)...
Fetching villages for Simpang Kramat (110822)...
Fetching villages for Lapang (110823)...
Fetching villages for Pirak Timur (110824)...
Fetching villages for Geuredong Pase (110825)...
Fetching villages for Banda Baro (110826)...
Fetching villages for Nisam Antara (110827)...
Fetching villages for Simeulue Tengah (110901)...
Fetching villages for Salang (110902)...
Fetching villages for Teupah Barat (110903)...
Fetching villages for Simeulue Timur (110904)...
Fetching villages for Teluk Dalam (110905)...
Fetching villages for Simeulue Barat (110906)...
Fetching villages for Teupah Selatan (110907)...
Fetching villages for Alapan (110908)...
Fetching villages for Teupah Tengah (110909)...
Fetching villages for Simeulue Cut (110910)...
Fetching villages for Pulau Banyak (111001)...
Fetching villages for Simpang Kanan (111002)...
Fetching villages for Singkil (111004)...
Fetching villages for Gunung Meriah (111006)...
Fetching villages for Kota Baharu (111009)...
Fetching villages for Singkil Utara (111010)...
Fetching villages for Danau Paris (111011)...
Fetching villages for Suro Makmur (111012)...
Fetching villages for Singkohor (111013)...
Fetching villages for Kuala Baru (111014)...
Fetching villages for Pulau Banyak Barat (111016)...
Fetching villages for Samalanga (111101)...
Fetching villages for Jeunieb (111102)...
Fetching villages for Peudada (111103)...
Fetching villages for Jeumpa (111104)...
Fetching villages for Peusangan (111105)...
Fetching villages for Makmur (111106)...
Fetching villages for Gandapura (111107)...
Fetching villages for Pandrah (111108)...
Fetching villages for Juli (111109)...
Fetching villages for Jangka (111110)...
Fetching villages for Simpang Mamplam (111111)...
Fetching villages for Peulimbang (111112)...
Fetching villages for Kota Juang (111113)...
Fetching villages for Kuala (111114)...
Fetching villages for Peusangan Siblah Krueng (111115)...
Fetching villages for Peusangan  Selatan (111116)...
Fetching villages for Kuta Blang (111117)...
Fetching villages for Blang Pidie (111201)...
Fetching villages for Tangan-Tangan (111202)...
Fetching villages for Manggeng (111203)...
Fetching villages for Susoh (111204)...
Fetching villages for Kuala Batee (111205)...
Fetching villages for Babah Rot (111206)...
Fetching villages for Setia (111207)...
Fetching villages for Jeumpa (111208)...
Fetching villages for Lembah Sabil (111209)...
Fetching villages for Blangkejeren (111301)...
Fetching villages for Kutapanjang (111302)...
Fetching villages for Rikit Gaib (111303)...
Fetching villages for Terangun (111304)...
Fetching villages for Pining (111305)...
Fetching villages for Blangpegayon (111306)...
Fetching villages for Puteri Betung (111307)...
Fetching villages for Dabun Gelang (111308)...
Fetching villages for Blangjerango (111309)...
Fetching villages for Teripe Jaya (111310)...
Fetching villages for Pantan Cuaca (111311)...
Fetching villages for Teunom (111401)...
Fetching villages for Krueng Sabee (111402)...
Fetching villages for Setia Bhakti (111403)...
Fetching villages for Sampoiniet (111404)...
Fetching villages for Jaya (111405)...
Fetching villages for Panga (111406)...
Fetching villages for Indra Jaya (111407)...
Fetching villages for Darul Hikmah (111408)...
Fetching villages for Pasie Raya (111409)...
Fetching villages for Kuala (111501)...
Fetching villages for Seunagan (111502)...
Fetching villages for Seunagan Timur (111503)...
Fetching villages for Beutong (111504)...
Fetching villages for Darul Makmur (111505)...
Fetching villages for Suka Makmue (111506)...
Fetching villages for Kuala Pesisir (111507)...
Fetching villages for Tadu Raya (111508)...
Fetching villages for Tripa Makmur (111509)...
Fetching villages for Beutong Ateuh Banggalang (111510)...
Fetching villages for Manyak Payed (111601)...
Fetching villages for Bendahara (111602)...
Fetching villages for Karang Baru (111603)...
Fetching villages for Seruway (111604)...
Fetching villages for Kota Kualasinpang (111605)...
Fetching villages for Kejuruan Muda (111606)...
Fetching villages for Tamiang Hulu (111607)...
Fetching villages for Rantau (111608)...
Fetching villages for Banda Mulia (111609)...
Fetching villages for Bandar Pusaka (111610)...
Fetching villages for Tenggulun (111611)...
Fetching villages for Sekerak (111612)...
Fetching villages for Pintu Rime Gayo (111701)...
Fetching villages for Permata (111702)...
Fetching villages for Syiah Utama (111703)...
Fetching villages for Bandar (111704)...
Fetching villages for Bukit (111705)...
Fetching villages for Wih Pesam (111706)...
Fetching villages for Timang gajah (111707)...
Fetching villages for Bener Kelipah (111708)...
Fetching villages for Mesidah (111709)...
Fetching villages for Gajah Putih (111710)...
Fetching villages for Meureudu (111801)...
Fetching villages for Ulim (111802)...
Fetching villages for Jangka Buaya (111803)...
Fetching villages for Bandar Dua (111804)...
Fetching villages for Meurah Dua (111805)...
Fetching villages for Bandar Baru (111806)...
Fetching villages for Panteraja (111807)...
Fetching villages for Trienggadeng (111808)...
Fetching villages for Baiturrahman (117101)...
Fetching villages for Kuta Alam (117102)...
Fetching villages for Meuraxa (117103)...
Fetching villages for Syiah Kuala (117104)...
Fetching villages for Lueng Bata (117105)...
Fetching villages for Kuta Raja (117106)...
Fetching villages for Banda Raya (117107)...
Fetching villages for Jaya Baru (117108)...
Fetching villages for Ulee Kareng (117109)...
Fetching villages for Sukakarya (117201)...
Fetching villages for Sukajaya (117202)...
Fetching villages for Muara Dua (117301)...
Fetching villages for Banda Sakti (117302)...
Fetching villages for Blang Mangat (117303)...
Fetching villages for Muara Satu (117304)...
Fetching villages for Langsa Timur (117401)...
Fetching villages for Langsa Barat (117402)...
Fetching villages for Langsa Kota (117403)...
Fetching villages for Langsa Lama (117404)...
Fetching villages for Langsa Baro (117405)...
Fetching villages for Simpang Kiri (117501)...
Fetching villages for Penanggalan (117502)...
Fetching villages for Rundeng (117503)...
Fetching villages for Sultan Daulat (117504)...
Fetching villages for Longkib (117505)...
Fetching villages for Barus (120101)...
Fetching villages for Sorkam (120102)...
Fetching villages for Pandan (120103)...
Fetching villages for Pinangsori (120104)...
Fetching villages for Manduamas (120105)...
Fetching villages for Kolang (120106)...
Fetching villages for Tapian Nauli (120107)...
Fetching villages for Sibabangun (120108)...
Fetching villages for Sosorgadong (120109)...
Fetching villages for Sorkam Barat (120110)...
Fetching villages for Sirandorung (120111)...
Fetching villages for Andam Dewi (120112)...
Fetching villages for Sitahuis (120113)...
Fetching villages for Tukka (120114)...
Fetching villages for Badiri (120115)...
Fetching villages for Pasaribu Tobing (120116)...
Fetching villages for Barus Utara (120117)...
Fetching villages for Suka Bangun (120118)...
Fetching villages for Lumut (120119)...
Fetching villages for Sarudik (120120)...
Fetching villages for Tarutung (120201)...
Fetching villages for Siatas Barita (120202)...
Fetching villages for Adian Koting (120203)...
Fetching villages for Sipoholon (120204)...
Fetching villages for Pahae Julu (120205)...
Fetching villages for Pahae Jae (120206)...
Fetching villages for Simangumban (120207)...
Fetching villages for Purba Tua (120208)...
Fetching villages for Siborong-Borong (120209)...
Fetching villages for Pagaran (120210)...
Fetching villages for Parmonangan (120211)...
Fetching villages for Sipahutar (120212)...
Fetching villages for Pangaribuan (120213)...
Fetching villages for Garoga (120214)...
Fetching villages for Muara (120215)...
Fetching villages for Angkola Barat (120301)...
Fetching villages for Batang Toru (120302)...
Fetching villages for Angkola Timur (120303)...
Fetching villages for Sipirok (120304)...
Fetching villages for Saipar Dolok Hole (120305)...
Fetching villages for Angkola Selatan (120306)...
Fetching villages for Batang Angkola (120307)...
Fetching villages for Arse (120314)...
Fetching villages for Marancar (120320)...
Fetching villages for Sayur Matinggi (120321)...
Fetching villages for Aek Bilah (120322)...
Fetching villages for Muara Batang Toru (120329)...
Fetching villages for Tano Tombangan Angkola (120330)...
Fetching villages for Angkola Sangkunur (120331)...
Fetching villages for Angkola Muara Tais (120332)...
Fetching villages for Hiliduho (120405)...
Fetching villages for Gido (120406)...
Fetching villages for Idanogawo (120410)...
Fetching villages for Bawolato (120411)...
Fetching villages for Hiliserangkai (120420)...
Fetching villages for Botomuzoi (120421)...
Fetching villages for Ulugawo (120427)...
Fetching villages for Ma'u (120428)...
Fetching villages for Somolo-molo (120429)...
Fetching villages for Sogae'adu (120435)...
Fetching villages for Bahorok (120501)...
Fetching villages for Salapian (120502)...
Fetching villages for Kuala (120503)...
Fetching villages for Sei Bingei (120504)...
Fetching villages for Binjai (120505)...
Fetching villages for Selesai (120506)...
Fetching villages for Stabat (120507)...
Fetching villages for Wampu (120508)...
Fetching villages for Secanggang (120509)...
Fetching villages for Hinai (120510)...
Fetching villages for Tanjung Pura (120511)...
Fetching villages for Padang Tualang (120512)...
Fetching villages for Gebang (120513)...
Fetching villages for Babalan (120514)...
Fetching villages for Pangkalan Susu (120515)...
Fetching villages for Besitang (120516)...
Fetching villages for Sei Lepan (120517)...
Fetching villages for Berandan Barat (120518)...
Fetching villages for Batang Serangan (120519)...
Fetching villages for Sawit Seberang (120520)...
Fetching villages for Sirapit (120521)...
Fetching villages for Kutambaru (120522)...
Fetching villages for Pematang Jaya (120523)...
Fetching villages for Kabanjahe (120601)...
Fetching villages for Berastagi (120602)...
Fetching villages for Barusjahe (120603)...
Fetching villages for Tigapanah (120604)...
Fetching villages for Merek (120605)...
Fetching villages for Munte (120606)...
Fetching villages for Juhar (120607)...
Fetching villages for Tigabinanga (120608)...
Fetching villages for Laubaleng (120609)...
Fetching villages for Mardingding (120610)...
Fetching villages for Payung (120611)...
Fetching villages for Simpang Empat (120612)...
Fetching villages for Kutabuluh (120613)...
Fetching villages for Dolat Rayat (120614)...
Fetching villages for Merdeka (120615)...
Fetching villages for Naman Teran (120616)...
Fetching villages for Tiganderket (120617)...
Fetching villages for Gunung Meriah (120701)...
Fetching villages for Tanjung Morawa (120702)...
Fetching villages for Sibolangit (120703)...
Fetching villages for Kutalimbaru (120704)...
Fetching villages for Pancur Batu (120705)...
Fetching villages for Namorambe (120706)...
Fetching villages for Sibiru-biru (120707)...
Fetching villages for STM Hilir (120708)...
Fetching villages for Bangun Purba (120709)...
Fetching villages for Galang (120719)...
Fetching villages for STM Hulu (120720)...
Fetching villages for Patumbak (120721)...
Fetching villages for Deli Tua (120722)...
Fetching villages for Sunggal (120723)...
Fetching villages for Hamparan Perak (120724)...
Fetching villages for Labuhan Deli (120725)...
Fetching villages for Percut Sei Tuan (120726)...
Fetching villages for Batang Kuis (120727)...
Fetching villages for Lubuk Pakam (120728)...
Fetching villages for Pagar Merbau (120731)...
Fetching villages for Pantai Labu (120732)...
Fetching villages for Beringin (120733)...
Fetching villages for Siantar (120801)...
Fetching villages for Gunung Malela (120802)...
Fetching villages for Gunung Maligas (120803)...
Fetching villages for Panei (120804)...
Fetching villages for Panombeian Pane (120805)...
Fetching villages for Jorlang Hataran (120806)...
Fetching villages for Raya Kahean (120807)...
Fetching villages for Bosar Maligas (120808)...
Fetching villages for Sidamanik (120809)...
Fetching villages for Pematang Sidamanik (120810)...
Fetching villages for Tanah Jawa (120811)...
Fetching villages for Hatonduhan (120812)...
Fetching villages for Dolok Panribuan (120813)...
Fetching villages for Purba (120814)...
Fetching villages for Haranggaol Horison (120815)...
Fetching villages for Girsang Sipangan Bolon (120816)...
Fetching villages for Dolok Batu Nanggar (120817)...
Fetching villages for Huta Bayu Raja (120818)...
Fetching villages for Jawa Maraja Bah Jambi (120819)...
Fetching villages for Dolok Pardamean (120820)...
Fetching villages for Pematang Bandar (120821)...
Fetching villages for Bandar Huluan (120822)...
Fetching villages for Bandar (120823)...
Fetching villages for Bandar Masilam (120824)...
Fetching villages for Silimakuta (120825)...
Fetching villages for Dolok Silau (120826)...
Fetching villages for Silou Kahean (120827)...
Fetching villages for Tapian Dolok (120828)...
Fetching villages for Raya (120829)...
Fetching villages for Ujung Padang (120830)...
Fetching villages for Pamatang Silima Huta (120831)...
Fetching villages for Dolog Masagal (120832)...
Fetching villages for Meranti (120908)...
Fetching villages for Air Joman (120909)...
Fetching villages for Tanjung Balai (120910)...
Fetching villages for Sei Kepayang (120911)...
Fetching villages for Simpang Empat (120912)...
Fetching villages for Air Batu (120913)...
Fetching villages for Pulau Rakyat (120914)...
Fetching villages for Bandar Pulau (120915)...
Fetching villages for Buntu Pane (120916)...
Fetching villages for Bandar Pasir Mandoge (120917)...
Fetching villages for Aek Kuasan (120918)...
Fetching villages for Kota Kisaran Barat (120919)...
Fetching villages for Kota Kisaran Timur (120920)...
Fetching villages for Aek Songsongan (120921)...
Fetching villages for Rahunig (120922)...
Fetching villages for Sei Dadap (120923)...
Fetching villages for Sei Kepayang Barat (120924)...
Fetching villages for Sei Kepayang Timur (120925)...
Fetching villages for Tinggi Raja (120926)...
Fetching villages for Setia Janji (120927)...
Fetching villages for Silau Laut (120928)...
Fetching villages for Rawang Panca Arga (120929)...
Fetching villages for Pulo Bandring (120930)...
Fetching villages for Teluk Dalam (120931)...
Fetching villages for Aek Ledong (120932)...
Fetching villages for Rantau Utara (121001)...
Fetching villages for Rantau Selatan (121002)...
Fetching villages for Bilah Barat (121007)...
Fetching villages for Bilah Hilir (121008)...
Fetching villages for Bilah Hulu (121009)...
Fetching villages for Pangkatan (121014)...
Fetching villages for Panai Tengah (121018)...
Fetching villages for Panai Hilir (121019)...
Fetching villages for Panai Hulu (121020)...
Fetching villages for Sidikalang (121101)...
Fetching villages for Sumbul (121102)...
Fetching villages for Tigalingga (121103)...
Fetching villages for Siempat Nempu (121104)...
Fetching villages for Silima Pungga Pungga (121105)...
Fetching villages for Tanah Pinem (121106)...
Fetching villages for Siempat Nempu Hulu (121107)...
Fetching villages for Siempat Nempu Hilir (121108)...
Fetching villages for Pegagan Hilir (121109)...
Fetching villages for Parbuluan (121110)...
Fetching villages for Lae Parira (121111)...
Fetching villages for Gunung Sitember (121112)...
Fetching villages for Berampu (121113)...
Fetching villages for Silahisabungan (121114)...
Fetching villages for Sitinjo (121115)...
Fetching villages for Balige (121201)...
Fetching villages for Laguboti (121202)...
Fetching villages for Silaen (121203)...
Fetching villages for Habinsaran (121204)...
Fetching villages for Pintu Pohan Meranti (121205)...
Fetching villages for Borbor (121206)...
Fetching villages for Porsea (121207)...
Fetching villages for Ajibata (121208)...
Fetching villages for Lumban Julu (121209)...
Fetching villages for Uluan (121210)...
Fetching villages for Sigumpar (121219)...
Fetching villages for Siantar Narumonda (121220)...
Fetching villages for Nassau (121221)...
Fetching villages for Tampahan (121222)...
Fetching villages for Bonatua Lunasi (121223)...
Fetching villages for Parmaksian (121224)...
Fetching villages for Panyabungan (121301)...
Fetching villages for Panyabungan Utara (121302)...
Fetching villages for Panyabungan Timur (121303)...
Fetching villages for Panyabungan Selatan (121304)...
Fetching villages for Panyabungan Barat (121305)...
Fetching villages for Siabu (121306)...
Fetching villages for Bukit Malintang (121307)...
Fetching villages for Kotanopan (121308)...
Fetching villages for Lembah Sorik Marapi (121309)...
Fetching villages for Tambangan (121310)...
Fetching villages for Ulu Pungkut (121311)...
Fetching villages for Muara Sipongi (121312)...
Fetching villages for Batang Natal (121313)...
Fetching villages for Lingga Bayu (121314)...
Fetching villages for Batahan (121315)...
Fetching villages for Natal (121316)...
Fetching villages for Muara Batang Gadis (121317)...
Fetching villages for Ranto Baek (121318)...
Fetching villages for Huta Bargot (121319)...
Fetching villages for Puncak Sorik Marapi (121320)...
Fetching villages for Pakantan (121321)...
Fetching villages for Sinunukan (121322)...
Fetching villages for Naga Juang (121323)...
Fetching villages for Lolomatua (121401)...
Fetching villages for Gomo (121402)...
Fetching villages for Lahusa (121403)...
Fetching villages for Hibala (121404)...
Fetching villages for Pulau-Pulau Batu (121405)...
Fetching villages for Teluk Dalam (121406)...
Fetching villages for Amandraya (121407)...
Fetching villages for Lolowau (121408)...
Fetching villages for Susua (121409)...
Fetching villages for Maniamolo (121410)...
Fetching villages for Hilimegai (121411)...
Fetching villages for Toma (121412)...
Fetching villages for Mazino (121413)...
Fetching villages for Umbunasi (121414)...
Fetching villages for Aramo (121415)...
Fetching villages for Pulau-Pulau Batu Timur (121416)...
Fetching villages for Mazo (121417)...
Fetching villages for Fanayama (121418)...
Fetching villages for Ulunoyo (121419)...
Fetching villages for Huruna (121420)...
Fetching villages for O'o'u (121421)...
Fetching villages for Onohazumba (121422)...
Fetching villages for Hilisalawa'ahe (121423)...
Fetching villages for Ulususua (121424)...
Fetching villages for Sidua'ori (121425)...
Fetching villages for Somambawa (121426)...
Fetching villages for Boronadu (121427)...
Fetching villages for Simuk (121428)...
Fetching villages for Pulau-Pulau Batu Barat (121429)...
Fetching villages for Pulau-Pulau Batu Utara (121430)...
Fetching villages for Tanah Masa (121431)...
Fetching villages for Luahagundre Maniamolo (121432)...
Fetching villages for Onolalu (121433)...
Fetching villages for Ulu Idanotae (121434)...
Fetching villages for Idanotae (121435)...
Fetching villages for Sitelu Tali Urang Jehe (121501)...
Fetching villages for Kerajaan (121502)...
Fetching villages for Salak (121503)...
Fetching villages for Sitelu Tali Urang Julu (121504)...
Fetching villages for Pergetteng Getteng Sengkut (121505)...
Fetching villages for Pagindar (121506)...
Fetching villages for Tinada (121507)...
Fetching villages for Siempat Rube (121508)...
Fetching villages for Parlilitan (121601)...
Fetching villages for Pollung (121602)...
Fetching villages for Baktiraja (121603)...
Fetching villages for Paranginan (121604)...
Fetching villages for Lintong Nihuta (121605)...
Fetching villages for Dolok Sanggul (121606)...
Fetching villages for Sijamapolang (121607)...
Fetching villages for Onan Ganjang (121608)...
Fetching villages for Pakkat (121609)...
Fetching villages for Tarabintang (121610)...
Fetching villages for Simanindo (121701)...
Fetching villages for Onan Runggu (121702)...
Fetching villages for Nainggolan (121703)...
Fetching villages for Palipi (121704)...
Fetching villages for Harian (121705)...
Fetching villages for Sianjar Mula Mula (121706)...
Fetching villages for Ronggur Nihuta (121707)...
Fetching villages for Pangururan (121708)...
Fetching villages for Sitio-tio (121709)...
Fetching villages for Pantai Cermin (121801)...
Fetching villages for Perbaungan (121802)...
Fetching villages for Teluk Mengkudu (121803)...
Fetching villages for Sei Rampah (121804)...
Fetching villages for Tanjung Beringin (121805)...
Fetching villages for Bandar Khalifah (121806)...
Fetching villages for Dolok Merawan (121807)...
Fetching villages for Sipispis (121808)...
Fetching villages for Dolok Masihul (121809)...
Fetching villages for Kotarih (121810)...
Fetching villages for Silinda (121811)...
Fetching villages for Serba Jadi (121812)...
Fetching villages for Tebing Tinggi (121813)...
Fetching villages for Pegajahan (121814)...
Fetching villages for Sei Bamban (121815)...
Fetching villages for Tebing Syahbandar (121816)...
Fetching villages for Bintang Bayu (121817)...
Fetching villages for Medang Deras (121901)...
Fetching villages for Sei Suka (121902)...
Fetching villages for Air Putih (121903)...
Fetching villages for Lima Puluh (121904)...
Fetching villages for Talawi (121905)...
Fetching villages for Tanjung Tiram (121906)...
Fetching villages for Sei Balai (121907)...
Fetching villages for Laut Tador (121908)...
Fetching villages for Lima Puluh Pesisir (121909)...
Fetching villages for Datuk Lima Puluh (121910)...
Fetching villages for Datuk Tanah Datar (121911)...
Fetching villages for Nibung Hangus (121912)...
Fetching villages for Dolok Sigompulon (122001)...
Fetching villages for Dolok (122002)...
Fetching villages for Halongonan (122003)...
Fetching villages for Padang Bolak (122004)...
Fetching villages for Padang Bolak Julu (122005)...
Fetching villages for Portibi (122006)...
Fetching villages for Batang Onang (122007)...
Fetching villages for Simangambat (122008)...
Fetching villages for Hulu Sihapas (122009)...
Fetching villages for Padang Bolak Tenggara (122010)...
Fetching villages for Halongonan Timur (122011)...
Fetching villages for Ujung Batu (122012)...
Fetching villages for Sosopan (122101)...
Fetching villages for Barumun Tengah (122102)...
Fetching villages for Huristak (122103)...
Fetching villages for Lubuk Barumun (122104)...
Fetching villages for Huta Raja Tinggi (122105)...
Fetching villages for Ulu Barumun (122106)...
Fetching villages for Barumun (122107)...
Fetching villages for Sosa (122108)...
Fetching villages for Batang Lubu Sutam (122109)...
Fetching villages for Barumun Selatan (122110)...
Fetching villages for Aek Nabara Barumun (122111)...
Fetching villages for Sihapas Barumun (122112)...
Fetching villages for Kotapinang (122201)...
Fetching villages for Kampung Rakyat (122202)...
Fetching villages for Torgamba (122203)...
Fetching villages for Sungai Kanan (122204)...
Fetching villages for Silangkitang (122205)...
Fetching villages for Kualuh Hulu (122301)...
Fetching villages for Kualuh Leidong (122302)...
Fetching villages for Kualuh Hilir (122303)...
Fetching villages for Aek Kuo (122304)...
Fetching villages for Marbau (122305)...
Fetching villages for Na IX - X (122306)...
Fetching villages for Aek Natas (122307)...
Fetching villages for Kualuh Selatan (122308)...
Fetching villages for Lotu (122401)...
Fetching villages for Sawo (122402)...
Fetching villages for Tuhemberua (122403)...
Fetching villages for Sitolu Ori (122404)...
Fetching villages for Namohalu Esiwa (122405)...
Fetching villages for Alasa Talumuzoi (122406)...
Fetching villages for Alasa (122407)...
Fetching villages for Tugala Oyo (122408)...
Fetching villages for Afulu (122409)...
Fetching villages for Lahewa (122410)...
Fetching villages for Lahewa Timur (122411)...
Fetching villages for Lahomi (122501)...
Fetching villages for Sirombu (122502)...
Fetching villages for Mandrehe Barat (122503)...
Fetching villages for Moro'o (122504)...
Fetching villages for Mandrehe (122505)...
Fetching villages for Mandrehe Utara (122506)...
Fetching villages for Lolofitu Moi (122507)...
Fetching villages for Ulu Moro'o (122508)...
Fetching villages for Medan Kota (127101)...
Fetching villages for Medan Sunggal (127102)...
Fetching villages for Medan Helvetia (127103)...
Fetching villages for Medan Denai (127104)...
Fetching villages for Medan Barat (127105)...
Fetching villages for Medan Deli (127106)...
Fetching villages for Medan Tuntungan (127107)...
Fetching villages for Medan Belawan (127108)...
Fetching villages for Medan Amplas (127109)...
Fetching villages for Medan Area (127110)...
Fetching villages for Medan Johor (127111)...
Fetching villages for Medan Marelan (127112)...
Fetching villages for Medan Labuhan (127113)...
Fetching villages for Medan Tembung (127114)...
Fetching villages for Medan Maimun (127115)...
Fetching villages for Medan Polonia (127116)...
Fetching villages for Medan Baru (127117)...
Fetching villages for Medan Perjuangan (127118)...
Fetching villages for Medan Petisah (127119)...
Fetching villages for Medan Timur (127120)...
Fetching villages for Medan Selayang (127121)...
Fetching villages for Siantar Timur (127201)...
Fetching villages for Siantar Barat (127202)...
Fetching villages for Siantar Utara (127203)...
Fetching villages for Siantar Selatan (127204)...
Fetching villages for Siantar Marihat (127205)...
Fetching villages for Siantar Martoba (127206)...
Fetching villages for Siantar Sitalasari (127207)...
Fetching villages for Siantar Marimbun (127208)...
Fetching villages for Sibolga Utara (127301)...
Fetching villages for Sibolga Kota (127302)...
Fetching villages for Sibolga Selatan (127303)...
Fetching villages for Sibolga Sambas (127304)...
Fetching villages for Tanjung Balai Selatan (127401)...
Fetching villages for Tanjung Balai Utara (127402)...
Fetching villages for Sei Tualang Raso (127403)...
Fetching villages for Teluk Nibung (127404)...
Fetching villages for Datuk Bandar (127405)...
Fetching villages for Datuk Bandar Timur (127406)...
Fetching villages for Binjai Utara (127501)...
Fetching villages for Binjai Kota (127502)...
Fetching villages for Binjai Barat (127503)...
Fetching villages for Binjai Timur (127504)...
Fetching villages for Binjai Selatan (127505)...
Fetching villages for Padang Hulu (127601)...
Fetching villages for Rambutan (127602)...
Fetching villages for Padang Hilir (127603)...
Fetching villages for Bajenis (127604)...
Fetching villages for Tebing Tinggi Kota (127605)...
Fetching villages for Padangsidimpuan Utara (127701)...
Fetching villages for Padangsidimpuan Selatan (127702)...
Fetching villages for Padangsidimpuan Batunadua (127703)...
Fetching villages for Padangsidimpuan Hutaimbaru (127704)...
Fetching villages for Padangsidimpuan Tenggara (127705)...
Fetching villages for Padangsidimpuan Angkola Julu (127706)...
Fetching villages for Gunungsitoli (127801)...
Fetching villages for Gunungsitoli Selatan (127802)...
Fetching villages for Gunungsitoli Utara (127803)...
Fetching villages for Gunungsitoli Idanoi (127804)...
Fetching villages for Gunungsitoli Alo'oa (127805)...
Fetching villages for Gunungsitoli Barat (127806)...
Fetching villages for Pancung Soal (130101)...
Fetching villages for Ranah Pesisir (130102)...
Fetching villages for Lengayang (130103)...
Fetching villages for Batang Kapas (130104)...
Fetching villages for IV Jurai (130105)...
Fetching villages for Bayang (130106)...
Fetching villages for Koto XI Tarusan (130107)...
Fetching villages for Sutera (130108)...
Fetching villages for Linggo Sari Baganti (130109)...
Fetching villages for Lunang (130110)...
Fetching villages for Basa Ampek Balai Tapan (130111)...
Fetching villages for IV Nagari Bayang Utara (130112)...
Fetching villages for Airpura (130113)...
Fetching villages for Ranah Ampek Hulu Tapan (130114)...
Fetching villages for Silaut (130115)...
Fetching villages for Pantai Cermin (130203)...
Fetching villages for Lembah Gumanti (130204)...
Fetching villages for Payung Sekaki (130205)...
Fetching villages for Lembang Jaya (130206)...
Fetching villages for Gunung Talang (130207)...
Fetching villages for Bukit Sundi (130208)...
Fetching villages for IX Koto Sungai Lasi (130209)...
Fetching villages for Kubung (130210)...
Fetching villages for X Koto Singkarak (130211)...
Fetching villages for X Koto Diatas (130212)...
Fetching villages for Junjung Sirih (130213)...
Fetching villages for Hiliran Gumanti (130217)...
Fetching villages for Tigo Lurah (130218)...
Fetching villages for Danau Kembar (130219)...
Fetching villages for Tanjung Gadang (130303)...
Fetching villages for Sijunjung (130304)...
Fetching villages for IV Nagari (130305)...
Fetching villages for Kamang Baru (130306)...
Fetching villages for Lubuak Tarok (130307)...
Fetching villages for Koto VII (130308)...
Fetching villages for Sumpur Kudus (130309)...
Fetching villages for Kupitan (130310)...
Fetching villages for X Koto (130401)...
Fetching villages for Batipuh (130402)...
Fetching villages for Rambatan (130403)...
Fetching villages for Lima Kaum (130404)...
Fetching villages for Tanjung Emas (130405)...
Fetching villages for Lintau Buo (130406)...
Fetching villages for Sungayang (130407)...
Fetching villages for Sungai Tarab (130408)...
Fetching villages for Pariangan (130409)...
Fetching villages for Salimpauang (130410)...
Fetching villages for Padang Ganting (130411)...
Fetching villages for Tanjuang Baru (130412)...
Fetching villages for Lintau Buo Utara (130413)...
Fetching villages for Batipuah Selatan (130414)...
Fetching villages for Lubuk Alung (130501)...
Fetching villages for Batang Anai (130502)...
Fetching villages for Nan Sabaris (130503)...
Fetching villages for Enam Lingkuang (130504)...
Fetching villages for VII Koto Sungai Sarik (130505)...
Fetching villages for V Koto Kampung Dalam (130506)...
Fetching villages for Sungai Garingging (130507)...
Fetching villages for Sungai Limau (130508)...
Fetching villages for IV Koto Aur Malintang (130509)...
Fetching villages for Ulakan Tapakih (130510)...
Fetching villages for Sintuak Toboh Gadang (130511)...
Fetching villages for Padang Sago (130512)...
Fetching villages for Batang Gasan (130513)...
Fetching villages for V Koto Timur (130514)...
Fetching villages for Kayu Tanam (130515)...
Fetching villages for Patamuan (130516)...
Fetching villages for Enam Lingkung (130517)...
Fetching villages for Tanjung Mutiara (130601)...
Fetching villages for Lubuk Basung (130602)...
Fetching villages for Tanjung Raya (130603)...
Fetching villages for Matur (130604)...
Fetching villages for IV Koto (130605)...
Fetching villages for Banuhampu (130606)...
Fetching villages for Ampek Angkek (130607)...
Fetching villages for Baso (130608)...
Fetching villages for Tilatang Kamang (130609)...
Fetching villages for Palupuh (130610)...
Fetching villages for Pelembayan (130611)...
Fetching villages for Sungai Pua (130612)...
Fetching villages for Ampek Nagari (130613)...
Fetching villages for Candung (130614)...
Fetching villages for Kamang Magek (130615)...
Fetching villages for Malalak (130616)...
Fetching villages for Suliki (130701)...
Fetching villages for Guguak (130702)...
Fetching villages for Payakumbuh (130703)...
Fetching villages for Luak (130704)...
Fetching villages for Harau (130705)...
Fetching villages for Pangkalan Koto Baru (130706)...
Fetching villages for Kapur IX (130707)...
Fetching villages for Gunuang Omeh (130708)...
Fetching villages for Lareh Sago Halaban (130709)...
Fetching villages for Situjuah Limo Nagari (130710)...
Fetching villages for Mungka (130711)...
Fetching villages for Bukik Barisan (130712)...
Fetching villages for Akabiluru (130713)...
Fetching villages for Bonjol (130804)...
Fetching villages for Lubuk Sikaping (130805)...
Fetching villages for Panti (130807)...
Fetching villages for Mapat Tunggul (130808)...
Fetching villages for Duo Koto (130812)...
Fetching villages for Tigo Nagari (130813)...
Fetching villages for Rao (130814)...
Fetching villages for Mapat Tunggul Selatan (130815)...
Fetching villages for Simpang Alahan Mati (130816)...
Fetching villages for Padang Gelugur (130817)...
Fetching villages for Rao Utara (130818)...
Fetching villages for Rao Selatan (130819)...
Fetching villages for Pagai Utara (130901)...
Fetching villages for Sipora Selatan (130902)...
Fetching villages for Siberut Selatan (130903)...
Fetching villages for Siberut Utara (130904)...
Fetching villages for Siberut Barat (130905)...
Fetching villages for Siberut Barat Daya (130906)...
Fetching villages for Siberut Tengah (130907)...
Fetching villages for Sipora Utara (130908)...
Fetching villages for Sikakap (130909)...
Fetching villages for Pagai Selatan (130910)...
Fetching villages for Koto Baru (131001)...
Fetching villages for Pulau Punjung (131002)...
Fetching villages for Sungai Rumbai (131003)...
Fetching villages for Sitiung (131004)...
Fetching villages for Sembilan Koto (131005)...
Fetching villages for Timpeh (131006)...
Fetching villages for Koto Salak (131007)...
Fetching villages for Tiumang (131008)...
Fetching villages for Padang Laweh (131009)...
Fetching villages for Asam Jujuhan (131010)...
Fetching villages for Koto Besar (131011)...
Fetching villages for Sangir (131101)...
Fetching villages for Sungai Pagu (131102)...
Fetching villages for Koto Parik Gadang Diateh (131103)...
Fetching villages for Sangir Jujuan (131104)...
Fetching villages for Sangir Batang Hari (131105)...
Fetching villages for Pauh Duo (131106)...
Fetching villages for Sangir Balai Janggo (131107)...
Fetching villages for Sungaiberemas (131201)...
Fetching villages for Lembah Melintang (131202)...
Fetching villages for Pasaman (131203)...
Fetching villages for Talamau (131204)...
Fetching villages for Kinali (131205)...
Fetching villages for Gunungtuleh (131206)...
Fetching villages for Ranah Batahan (131207)...
Fetching villages for Koto Balingka (131208)...
Fetching villages for Sungaiaur (131209)...
Fetching villages for Luhak Nan Duo (131210)...
Fetching villages for Sasak Ranah Pesisir (131211)...
Fetching villages for Padang Selatan (137101)...
Fetching villages for Padang Timur (137102)...
Fetching villages for Padang Barat (137103)...
Fetching villages for Padang Utara (137104)...
Fetching villages for Bungus Teluk Kabung (137105)...
Fetching villages for Lubuk Begalung (137106)...
Fetching villages for Lubuk Kilangan (137107)...
Fetching villages for Pauh (137108)...
Fetching villages for Kuranji (137109)...
Fetching villages for Nanggalo (137110)...
Fetching villages for Koto Tangah (137111)...
Fetching villages for Lubuk Sikarah (137201)...
Fetching villages for Tanjung Harapan (137202)...
Fetching villages for Lembah Segar (137301)...
Fetching villages for Barangin (137302)...
Fetching villages for Silungkang (137303)...
Fetching villages for Talawi (137304)...
Fetching villages for Padang Panjang Timur (137401)...
Fetching villages for Padang Panjang Barat (137402)...
Fetching villages for Guguak Panjang (137501)...
Fetching villages for Mandiangin K. Selayan (137502)...
Fetching villages for Aur Birugo Tigo Baleh (137503)...
Fetching villages for Payakumbuh Barat (137601)...
Fetching villages for Payakumbuh Utara (137602)...
Fetching villages for Payakumbuh Timur (137603)...
Fetching villages for Lamposi Tigo Nagori (137604)...
Fetching villages for Payakumbuh Selatan (137605)...
Fetching villages for Pariaman Tengah (137701)...
Fetching villages for Pariaman Utara (137702)...
Fetching villages for Pariaman Selatan (137703)...
Fetching villages for Pariaman Timur (137704)...
Fetching villages for Bangkinang Kota (140101)...
Fetching villages for Kampar (140102)...
Fetching villages for Tambang (140103)...
Fetching villages for XIII Koto Kampar (140104)...
Fetching villages for Kuok (140105)...
Fetching villages for Siak Hulu (140106)...
Fetching villages for Kampar Kiri (140107)...
Fetching villages for Kampar Kiri Hilir (140108)...
Fetching villages for Kampar Kiri Hulu (140109)...
Fetching villages for Tapung (140110)...
Fetching villages for Tapung Hilir (140111)...
Fetching villages for Tapung Hulu (140112)...
Fetching villages for Salo (140113)...
Fetching villages for Rumbio Jaya (140114)...
Fetching villages for Bangkinang (140115)...
Fetching villages for Perhentian Raja (140116)...
Fetching villages for Kampa (140117)...
Fetching villages for Kampar Utara (140118)...
Fetching villages for Kampar Kiri Tengah (140119)...
Fetching villages for Gunung Sahilan (140120)...
Fetching villages for Koto Kampar Hulu (140121)...
Fetching villages for Rengat (140201)...
Fetching villages for Rengat Barat (140202)...
Fetching villages for Kelayang (140203)...
Fetching villages for Pasir Penyu (140204)...
Fetching villages for Peranap (140205)...
Fetching villages for Siberida (140206)...
Fetching villages for Batang Cenaku (140207)...
Fetching villages for Batang Gangsal (140208)...
Fetching villages for Lirik (140209)...
Fetching villages for Kuala Cenaku (140210)...
Fetching villages for Sungai Lala (140211)...
Fetching villages for Lubuk Batu Jaya (140212)...
Fetching villages for Rakit Kulim (140213)...
Fetching villages for Batang Peranap (140214)...
Fetching villages for Bengkalis (140301)...
Fetching villages for Bantan (140302)...
Fetching villages for Bukit Batu (140303)...
Fetching villages for Mandau (140309)...
Fetching villages for Rupat (140310)...
Fetching villages for Rupat Utara (140311)...
Fetching villages for Siak Kecil (140312)...
Fetching villages for Pinggir (140313)...
Fetching villages for Bandar Laksamana (140314)...
Fetching villages for Talang Muandau (140315)...
Fetching villages for Bathin Solapan (140316)...
Fetching villages for Reteh (140401)...
Fetching villages for Enok (140402)...
Fetching villages for Kuala Indragiri (140403)...
Fetching villages for Tembilahan (140404)...
Fetching villages for Tempuling (140405)...
Fetching villages for Gaung Anak Serka (140406)...
Fetching villages for Mandah (140407)...
Fetching villages for Kateman (140408)...
Fetching villages for Keritang (140409)...
Fetching villages for Tanah Merah (140410)...
Fetching villages for Batang Tuaka (140411)...
Fetching villages for Gaung (140412)...
Fetching villages for Tembilahan Hulu (140413)...
Fetching villages for Kemuning (140414)...
Fetching villages for Pelangiran (140415)...
Fetching villages for Teluk Belengkong (140416)...
Fetching villages for Pulau Burung (140417)...
Fetching villages for Concong (140418)...
Fetching villages for Kempas (140419)...
Fetching villages for Sungai Batang (140420)...
Fetching villages for Ukui (140501)...
Fetching villages for Pangkalan Kerinci (140502)...
Fetching villages for Pangkalan Kuras (140503)...
Fetching villages for Pangkalan Lesung (140504)...
Fetching villages for Langgam (140505)...
Fetching villages for Pelalawan (140506)...
Fetching villages for Kerumutan (140507)...
Fetching villages for Bunut (140508)...
Fetching villages for Teluk Meranti (140509)...
Fetching villages for Kuala Kampar (140510)...
Fetching villages for Bandar Sei Kijang (140511)...
Fetching villages for Bandar Petalangan (140512)...
Fetching villages for Ujung Batu (140601)...
Fetching villages for Rokan IV Koto (140602)...
Fetching villages for Rambah (140603)...
Fetching villages for Tambusai (140604)...
Fetching villages for Kepenuhan (140605)...
Fetching villages for Kunto Darussalam (140606)...
Fetching villages for Rambah Samo (140607)...
Fetching villages for Rambah Hilir (140608)...
Fetching villages for Tambusai Utara (140609)...
Fetching villages for Bangun Purba (140610)...
Fetching villages for Tandun (140611)...
Fetching villages for Kabun (140612)...
Fetching villages for Bonai Darussalam (140613)...
Fetching villages for Pagaran Tapah Darussalam (140614)...
Fetching villages for Kepenuhan Hulu (140615)...
Fetching villages for Pendalian IV Koto (140616)...
Fetching villages for Kubu (140701)...
Fetching villages for Bangko (140702)...
Fetching villages for Tanah Putih (140703)...
Fetching villages for Rimba Melintang (140704)...
Fetching villages for Bagan Sinembah (140705)...
Fetching villages for Pasir Limau Kapas (140706)...
Fetching villages for Sinaboi (140707)...
Fetching villages for Pujud (140708)...
Fetching villages for Tanah Putih Tanjung Melawan (140709)...
Fetching villages for Bangko Pusako (140710)...
Fetching villages for Simpang Kanan (140711)...
Fetching villages for Batu Hampar (140712)...
Fetching villages for Rantau Kopar (140713)...
Fetching villages for Pekaitan (140714)...
Fetching villages for Kubu Babussalam (140715)...
Fetching villages for Tanjung Medan (140716)...
Fetching villages for Bagan Sinembah Raya (140717)...
Fetching villages for Balai Jaya (140718)...
Fetching villages for Siak (140801)...
Fetching villages for Sungai Apit (140802)...
Fetching villages for Minas (140803)...
Fetching villages for Tualang (140804)...
Fetching villages for Sungai Mandau (140805)...
Fetching villages for Dayun (140806)...
Fetching villages for Kerinci Kanan (140807)...
Fetching villages for Bunga Raya (140808)...
Fetching villages for Koto Gasib (140809)...
Fetching villages for Kandis (140810)...
Fetching villages for Lubuk Dalam (140811)...
Fetching villages for Sabak Auh (140812)...
Fetching villages for Mempura (140813)...
Fetching villages for Pusako (140814)...
Fetching villages for Kuantan Mudik (140901)...
Fetching villages for Kuantan Tengah (140902)...
Fetching villages for Singingi (140903)...
Fetching villages for Kuantan Hilir (140904)...
Fetching villages for Cerenti (140905)...
Fetching villages for Benai (140906)...
Fetching villages for Gunungtoar (140907)...
Fetching villages for Singingi Hilir (140908)...
Fetching villages for Pangean (140909)...
Fetching villages for Logas Tanah Darat (140910)...
Fetching villages for Inuman (140911)...
Fetching villages for Hulu Kuantan (140912)...
Fetching villages for Kuantan Hilir Seberang (140913)...
Fetching villages for Sentajo Raya (140914)...
Fetching villages for Pucuk Rantau (140915)...
Fetching villages for Tebing Tinggi (141001)...
Fetching villages for Rangsang Barat (141002)...
Fetching villages for Rangsang (141003)...
Fetching villages for Tebing Tinggi Barat (141004)...
Fetching villages for Merbau (141005)...
Fetching villages for Pulaumerbau (141006)...
Fetching villages for Tebing Tinggi Timur (141007)...
Fetching villages for Tasik Putri Puyu (141008)...
Fetching villages for Rangsang Pesisir (141009)...
Fetching villages for Sukajadi (147101)...
Fetching villages for Pekanbaru Kota (147102)...
Fetching villages for Sail (147103)...
Fetching villages for Lima Puluh (147104)...
Fetching villages for Senapelan (147105)...
Fetching villages for Rumbai (147106)...
Fetching villages for Bukit Raya (147107)...
Fetching villages for Tampan (147108)...
Fetching villages for Marpoyan Damai (147109)...
Fetching villages for Tenayan Raya (147110)...
Fetching villages for Payung Sekaki (147111)...
Fetching villages for Rumbai Pesisir (147112)...
Fetching villages for BUKIT KAPUR (1473010)...
Fetching villages for MEDANG KAMPAI (1473011)...
Fetching villages for SUNGAI SEMBILAN (1473012)...
Fetching villages for DUMAI BARAT (1473020)...
Fetching villages for DUMAI SELATAN (1473021)...
Fetching villages for DUMAI TIMUR (1473030)...
Fetching villages for DUMAI KOTA (1473031)...
Fetching villages for Gunung Raya (150101)...
Fetching villages for Danau Kerinci (150102)...
Fetching villages for Sitinjau Laut (150104)...
Fetching villages for Air Hangat (150105)...
Fetching villages for Gunung Kerinci (150106)...
Fetching villages for Batang Merangin (150107)...
Fetching villages for Keliling Danau (150108)...
Fetching villages for Kayu Aro (150109)...
Fetching villages for Air Hangat Timur (150111)...
Fetching villages for Gunung Tujuh (150115)...
Fetching villages for Siulak (150116)...
Fetching villages for Depati Tujuh (150117)...
Fetching villages for Siulak Mukai (150118)...
Fetching villages for Kayu Aro Barat (150119)...
Fetching villages for Bukitkerman (150120)...
Fetching villages for Air Hangat Barat (150121)...
Fetching villages for Jangkat (150201)...
Fetching villages for Bangko (150202)...
Fetching villages for Muara Siau (150203)...
Fetching villages for Sungai Manau (150204)...
Fetching villages for Tabir (150205)...
Fetching villages for Pamenang (150206)...
Fetching villages for Tabir Ulu (150207)...
Fetching villages for Tabir Selatan (150208)...
Fetching villages for Lembah Masurai (150209)...
Fetching villages for Bangko Barat (150210)...
Fetching villages for Nalo Tatan (150211)...
Fetching villages for Batang Masumai (150212)...
Fetching villages for Pamenang Barat (150213)...
Fetching villages for Tabir Ilir (150214)...
Fetching villages for Tabir Timur (150215)...
Fetching villages for Renah Pembarap (150216)...
Fetching villages for Pangkalan Jambu (150217)...
Fetching villages for Jangkat Timur (150218)...
Fetching villages for Renah Pamenang (150219)...
Fetching villages for Pamenang Selatan (150220)...
Fetching villages for Margo Tabir (150221)...
Fetching villages for Tabir Lintas (150222)...
Fetching villages for Tabir Barat (150223)...
Fetching villages for Tiang Pumpung (150224)...
Fetching villages for Batang Asai (150301)...
Fetching villages for Limun (150302)...
Fetching villages for Sarolangun (150303)...
Fetching villages for Pauh (150304)...
Fetching villages for Pelawan (150305)...
Fetching villages for Mandiangin (150306)...
Fetching villages for Air Hitam (150307)...
Fetching villages for Bathin VIII (150308)...
Fetching villages for Singkut (150309)...
Fetching villages for Cermin Nan Gedang (150310)...
Fetching villages for Mersam (150401)...
Fetching villages for Muara Tembesi (150402)...
Fetching villages for Muara Bulian (150403)...
Fetching villages for Batin XXIV (150404)...
Fetching villages for Pemayung (150405)...
Fetching villages for Maro Sebo Ulu (150406)...
Fetching villages for Bajubang (150407)...
Fetching villages for Maro Sebo Ilir (150408)...
Fetching villages for Jambi Luar Kota (150501)...
Fetching villages for Sekernan (150502)...
Fetching villages for Kumpeh (150503)...
Fetching villages for Maro Sebo (150504)...
Fetching villages for Mestong (150505)...
Fetching villages for Kumpeh Ulu (150506)...
Fetching villages for Sungai Bahar (150507)...
Fetching villages for Sungai Gelam (150508)...
Fetching villages for Bahar Utara (150509)...
Fetching villages for Bahar Selatan (150510)...
Fetching villages for Taman Rajo (150511)...
Fetching villages for Tungkal Ulu (150601)...
Fetching villages for Tungkal Ilir (150602)...
Fetching villages for Pengabuan (150603)...
Fetching villages for Betara (150604)...
Fetching villages for Merlung (150605)...
Fetching villages for Tebing Tinggi (150606)...
Fetching villages for Batang Asam (150607)...
Fetching villages for Renah Mendaluh (150608)...
Fetching villages for Muara Papalik (150609)...
Fetching villages for Seberang Kota (150610)...
Fetching villages for Bram Itam (150611)...
Fetching villages for Kuala Betara (150612)...
Fetching villages for Senyerang (150613)...
Fetching villages for Muara Sabak Timur (150701)...
Fetching villages for Nipah Panjang (150702)...
Fetching villages for Mendahara (150703)...
Fetching villages for Rantau Rasau (150704)...
Fetching villages for S a d u (150705)...
Fetching villages for Dendang (150706)...
Fetching villages for Muara Sabak Barat (150707)...
Fetching villages for Kuala Jambi (150708)...
Fetching villages for Mendahara Ulu (150709)...
Fetching villages for Geragai (150710)...
Fetching villages for Berbak (150711)...
Fetching villages for Tanah Tumbuh (150801)...
Fetching villages for Rantau Pandan (150802)...
Fetching villages for Pasar Muaro Bungo (150803)...
Fetching villages for Jujuhan (150804)...
Fetching villages for Tanah Sepenggal (150805)...
Fetching villages for Pelepat (150806)...
Fetching villages for Limbur Lubuk Mengkuang (150807)...
Fetching villages for Muko-muko Bathin VII (150808)...
Fetching villages for Pelepat Ilir (150809)...
Fetching villages for Batin II Babeko (150810)...
Fetching villages for Bathin III (150811)...
Fetching villages for Bungo Dani (150812)...
Fetching villages for Rimbo Tengah (150813)...
Fetching villages for Bathin III Ulu (150814)...
Fetching villages for Bathin II Pelayang (150815)...
Fetching villages for Jujuhan Ilir (150816)...
Fetching villages for Tanah Sepenggal Lintas (150817)...
Fetching villages for Tebo Tengah (150901)...
Fetching villages for Tebo Ilir (150902)...
Fetching villages for Tebo Ulu (150903)...
Fetching villages for Rimbo Bujang (150904)...
Fetching villages for Sumay (150905)...
Fetching villages for VII Koto (150906)...
Fetching villages for Rimbo Ulu (150907)...
Fetching villages for Rimbo Ilir (150908)...
Fetching villages for Tengah Ilir (150909)...
Fetching villages for Serai Serumpun (150910)...
Fetching villages for VII Koto Ilir (150911)...
Fetching villages for Muara Tabir (150912)...
Fetching villages for Telanaipura (157101)...
Fetching villages for Jambi Selatan (157102)...
Fetching villages for Jambi Timur (157103)...
Fetching villages for Pasar Jambi (157104)...
Fetching villages for Pelayangan (157105)...
Fetching villages for Danau Teluk (157106)...
Fetching villages for Kota Baru (157107)...
Fetching villages for Jelutung (157108)...
Fetching villages for Alam Barajo (157109)...
Fetching villages for Danau Sipin (157110)...
Fetching villages for Paal Merah (157111)...
Fetching villages for Sungai Penuh (157201)...
Fetching villages for Pesisir Bukit (157202)...
Fetching villages for Hamparan Rawang (157203)...
Fetching villages for Tanah Kampung (157204)...
Fetching villages for Kumun Debai (157205)...
Fetching villages for Pondok Tinggi (157206)...
Fetching villages for Koto Baru (157207)...
Fetching villages for Sungai Bungkal (157208)...
Fetching villages for Sosoh Buay Rayap (160107)...
Fetching villages for Pengandonan (160108)...
Fetching villages for Peninjauan (160109)...
Fetching villages for Baturaja Barat (160113)...
Fetching villages for Baturaja Timur (160114)...
Fetching villages for Ulu Ogan (160120)...
Fetching villages for Semidang Aji (160121)...
Fetching villages for Lubuk Batang (160122)...
Fetching villages for Lengkiti (160128)...
Fetching villages for Sinar Peninjauan (160129)...
Fetching villages for Lubuk Raja (160130)...
Fetching villages for Muara Jaya (160131)...
Fetching villages for Kedaton Peninjauan Raya (160132)...
Fetching villages for Tanjung Lubuk (160202)...
Fetching villages for Pedamaran (160203)...
Fetching villages for Mesuji (160204)...
Fetching villages for Kayu Agung (160205)...
Fetching villages for Sirah Pulau Padang (160208)...
Fetching villages for Tulung Selapan (160211)...
Fetching villages for Pampangan (160212)...
Fetching villages for Lempuing (160213)...
Fetching villages for Air Sugihan (160214)...
Fetching villages for Sungai Menang (160215)...
Fetching villages for Jejawi (160217)...
Fetching villages for Cengal (160218)...
Fetching villages for Pangkalan Lampam (160219)...
Fetching villages for Mesuji Makmur (160220)...
Fetching villages for Mesuji Raya (160221)...
Fetching villages for Lempuing Jaya (160222)...
Fetching villages for Teluk Gelam (160223)...
Fetching villages for Pedamaran Timur (160224)...
Fetching villages for Tanjung Agung (160301)...
Fetching villages for Muara Enim (160302)...
Fetching villages for Rambang Dangku (160303)...
Fetching villages for Gunung Megang (160304)...
Fetching villages for Gelumbang (160306)...
Fetching villages for Lawang Kidul (160307)...
Fetching villages for Semende Darat Laut (160308)...
Fetching villages for Semende Darat Tengah (160309)...
Fetching villages for Semende Darat Ulu (160310)...
Fetching villages for Ujan Mas (160311)...
Fetching villages for Lubai (160314)...
Fetching villages for Rambang (160315)...
Fetching villages for Sungai Rotan (160316)...
Fetching villages for Lembak (160317)...
Fetching villages for Benakat (160319)...
Fetching villages for Kelekar (160321)...
Fetching villages for Muara Belida (160322)...
Fetching villages for Belimbing (160323)...
Fetching villages for Belida Darat (160324)...
Fetching villages for Lubai Ulu (160325)...
Fetching villages for Empat Petulai Dangku (160326)...
Fetching villages for Panang Enim (160327)...
Fetching villages for Tanjungsakti Pumu (160401)...
Fetching villages for Jarai (160406)...
Fetching villages for Kota Agung (160407)...
Fetching villages for Pulaupinang (160408)...
Fetching villages for Merapi Barat (160409)...
Fetching villages for Lahat (160410)...
Fetching villages for Pajar Bulan (160412)...
Fetching villages for Mulak Ulu (160415)...
Fetching villages for Kikim Selatan (160416)...
Fetching villages for Kikim Timur (160417)...
Fetching villages for Kikim Tengah (160418)...
Fetching villages for Kikim Barat (160419)...
Fetching villages for Pseksu (160420)...
Fetching villages for Gumay Talang (160421)...
Fetching villages for Pagar Gunung (160422)...
Fetching villages for Merapi Timur (160423)...
Fetching villages for Tanjung Sakti Pumi (160424)...
Fetching villages for Gumay Ulu (160425)...
Fetching villages for Merapi Selatan (160426)...
Fetching villages for Tanjungtebat (160427)...
Fetching villages for Muarapayang (160428)...
Fetching villages for Sukamerindu (160429)...
Fetching villages for Mulak Sebingkai (160430)...
Fetching villages for Lahat Selatan (160431)...
Fetching villages for Tugumulyo (160501)...
Fetching villages for Muara Lakitan (160502)...
Fetching villages for Muara Kelingi (160503)...
Fetching villages for Jayaloka (160508)...
Fetching villages for Muara Beliti (160509)...
Fetching villages for STL Ulu Terawas (160510)...
Fetching villages for Selangit (160511)...
Fetching villages for Megang Sakti (160512)...
Fetching villages for Purwodadi (160513)...
Fetching villages for BTS. Ulu (160514)...
Fetching villages for Tiang Pumpung Kepungut (160518)...
Fetching villages for Sumber Harta (160519)...
Fetching villages for Tuah Negeri (160520)...
Fetching villages for Suka Karya (160521)...
Fetching villages for Sekayu (160601)...
Fetching villages for Lais (160602)...
Fetching villages for Sungai Keruh (160603)...
Fetching villages for Batang Hari Leko (160604)...
Fetching villages for Sanga Desa (160605)...
Fetching villages for Babat Toman (160606)...
Fetching villages for Sungai Lilin (160607)...
Fetching villages for Keluang (160608)...
Fetching villages for Bayung Lencir (160609)...
Fetching villages for Plakat Tinggi (160610)...
Fetching villages for Lalan (160611)...
Fetching villages for Tungkal Jaya (160612)...
Fetching villages for Lawang Wetan (160613)...
Fetching villages for Babat Supat (160614)...
Fetching villages for Jirak Jaya (160615)...
Fetching villages for Banyuasin I (160701)...
Fetching villages for Banyuasin II (160702)...
Fetching villages for Banyuasin III (160703)...
Fetching villages for Pulau Rimau (160704)...
Fetching villages for Betung (160705)...
Fetching villages for Rambutan (160706)...
Fetching villages for Muara Padang (160707)...
Fetching villages for Muara Telang (160708)...
Fetching villages for Makarti Jaya (160709)...
Fetching villages for Talang Kelapa (160710)...
Fetching villages for Rantau Bayur (160711)...
Fetching villages for Tanjung Lago (160712)...
Fetching villages for Muara Sugihan (160713)...
Fetching villages for Air Salek (160714)...
Fetching villages for Tungkal Ilir (160715)...
Fetching villages for Suak Tapeh (160716)...
Fetching villages for Sembawa (160717)...
Fetching villages for Sumber Marga Telang (160718)...
Fetching villages for Air Kumbang (160719)...
Fetching villages for Karangagung Ilir (160720)...
Fetching villages for Selat Panuguan (160721)...
Fetching villages for Martapura (160801)...
Fetching villages for Buay Madang (160802)...
Fetching villages for Belitang (160803)...
Fetching villages for Cempaka (160804)...
Fetching villages for Buay Pemuka Peliung (160805)...
Fetching villages for Madang Suku II (160806)...
Fetching villages for Madang Suku I (160807)...
Fetching villages for Semendawai Suku III (160808)...
Fetching villages for Belitang II (160809)...
Fetching villages for Belitang III (160810)...
Fetching villages for Bunga Mayang (160811)...
Fetching villages for Buay Madang Timur (160812)...
Fetching villages for Madang Suku III (160813)...
Fetching villages for Semendawai Barat (160814)...
Fetching villages for Semendawai Timur (160815)...
Fetching villages for Jayapura (160816)...
Fetching villages for Belitang Jaya (160817)...
Fetching villages for Belitang Madang Raya (160818)...
Fetching villages for Belitang Mulya (160819)...
Fetching villages for Buay Pemuka Bangsa Raja (160820)...
Fetching villages for Muara Dua (160901)...
Fetching villages for Pulau Beringin (160902)...
Fetching villages for Banding Agung (160903)...
Fetching villages for Muara Dua Kisam (160904)...
Fetching villages for Simpang (160905)...
Fetching villages for Buay Sandang Aji (160906)...
Fetching villages for Buay Runjung (160907)...
Fetching villages for Mekakau Ilir (160908)...
Fetching villages for Buay Pemaca (160909)...
Fetching villages for Kisam Tinggi (160910)...
Fetching villages for Kisam Ilir (160911)...
Fetching villages for Buay Pematang Ribu Ranau Tengah (160912)...
Fetching villages for Warkuk Ranau Selatan (160913)...
Fetching villages for Runjung Agung (160914)...
Fetching villages for Sungai Are (160915)...
Fetching villages for Sindang Danau (160916)...
Fetching villages for Buana Pemaca (160917)...
Fetching villages for Tiga Dihaji (160918)...
Fetching villages for Buay Rawan (160919)...
Fetching villages for Muara Kuang (161001)...
Fetching villages for Tanjung Batu (161002)...
Fetching villages for Tanjung Raja (161003)...
Fetching villages for Indralaya (161004)...
Fetching villages for Pemulutan (161005)...
Fetching villages for Rantau Alai (161006)...
Fetching villages for Indralaya Utara (161007)...
Fetching villages for Indralaya Selatan (161008)...
Fetching villages for Pemulutan Selatan (161009)...
Fetching villages for Pemulutan Barat (161010)...
Fetching villages for Rantau Panjang (161011)...
Fetching villages for Sungai Pinang (161012)...
Fetching villages for Kandis (161013)...
Fetching villages for Rambang Kuang (161014)...
Fetching villages for Lubuk Keliat (161015)...
Fetching villages for Payaraman (161016)...
Fetching villages for Muara Pinang (161101)...
Fetching villages for Pendopo (161102)...
Fetching villages for Ulu Musi (161103)...
Fetching villages for Tebing Tinggi (161104)...
Fetching villages for Lintang Kanan (161105)...
Fetching villages for Talang Padang (161106)...
Fetching villages for Pasemah Air Keruh (161107)...
Fetching villages for Sikap Dalam (161108)...
Fetching villages for Saling (161109)...
Fetching villages for Pendopo Barat (161110)...
Fetching villages for Talang Ubi (161201)...
Fetching villages for Penukal Utara (161202)...
Fetching villages for Penukal (161203)...
Fetching villages for Abab (161204)...
Fetching villages for Tanah Abang (161205)...
Fetching villages for Rupit (161301)...
Fetching villages for Rawas Ulu (161302)...
Fetching villages for Nibung (161303)...
Fetching villages for Rawas Ilir (161304)...
Fetching villages for Karang Dapo (161305)...
Fetching villages for Karang Jaya (161306)...
Fetching villages for Ulu Rawas (161307)...
Fetching villages for Ilir Barat II (167101)...
Fetching villages for Seberang Ulu I (167102)...
Fetching villages for Seberang Ulu II (167103)...
Fetching villages for Ilir Barat I (167104)...
Fetching villages for Ilir Timur I (167105)...
Fetching villages for Ilir Timur II (167106)...
Fetching villages for Sukarami (167107)...
Fetching villages for Sako (167108)...
Fetching villages for Kemuning (167109)...
Fetching villages for Kalidoni (167110)...
Fetching villages for Bukit Kecil (167111)...
Fetching villages for Gandus (167112)...
Fetching villages for Kertapati (167113)...
Fetching villages for Plaju (167114)...
Fetching villages for Alang-alang Lebar (167115)...
Fetching villages for Sematang Borang (167116)...
Fetching villages for Jakabaring (167117)...
Fetching villages for Ilir Timur Tiga (167118)...
Fetching villages for Pagar Alam Utara (167201)...
Fetching villages for Pagar Alam Selatan (167202)...
Fetching villages for Dempo Utara (167203)...
Fetching villages for Dempo Selatan (167204)...
Fetching villages for Dempo Tengah (167205)...
Fetching villages for Lubuk Linggau Timur I (167301)...
Fetching villages for Lubuk Linggau Barat I (167302)...
Fetching villages for Lubuk Linggau Selatan I (167303)...
Fetching villages for Lubuk Linggau Utara I (167304)...
Fetching villages for Lubuk Linggau Timur II (167305)...
Fetching villages for Lubuk Linggau Barat II (167306)...
Fetching villages for Lubuk Linggau Selatan II (167307)...
Fetching villages for Lubuk Linggau Utara II (167308)...
Fetching villages for Prabumulih Barat (167401)...
Fetching villages for Prabumulih Timur (167402)...
Fetching villages for Cambai (167403)...
Fetching villages for Rambang Kpk Tengah (167404)...
Fetching villages for Prabumulih Utara (167405)...
Fetching villages for Prabumulih Selatan (167406)...
Fetching villages for Kedurang (170101)...
Fetching villages for Seginim (170102)...
Fetching villages for Pino (170103)...
Fetching villages for Manna (170104)...
Fetching villages for Kota Manna (170105)...
Fetching villages for Pino Raya (170106)...
Fetching villages for Kedurang Ilir (170107)...
Fetching villages for Air Nipis (170108)...
Fetching villages for Ulu Manna (170109)...
Fetching villages for Bunga Mas (170110)...
Fetching villages for Pasar Manna (170111)...
Fetching villages for Kota Padang (170206)...
Fetching villages for Padang Ulak Tanding (170207)...
Fetching villages for Sindang Kelingi (170208)...
Fetching villages for Curup (170209)...
Fetching villages for Bermani Ulu (170210)...
Fetching villages for Selupu Rejang (170211)...
Fetching villages for Curup Utara (170216)...
Fetching villages for Curup Timur (170217)...
Fetching villages for Curup Selatan (170218)...
Fetching villages for Curup Tengah (170219)...
Fetching villages for Binduriang (170220)...
Fetching villages for Sindang Beliti Ulu (170221)...
Fetching villages for Sindang Dataran (170222)...
Fetching villages for Sindang Beliti Ilir (170223)...
Fetching villages for Bermani Ulu Raya (170224)...
Fetching villages for Enggano (170301)...
Fetching villages for Kerkap (170306)...
Fetching villages for Kota Arga Makmur (170307)...
Fetching villages for Giri Mulya (170308)...
Fetching villages for Padang Jaya (170309)...
Fetching villages for Lais (170310)...
Fetching villages for Batik Nau (170311)...
Fetching villages for Ketahun (170312)...
Fetching villages for Napal Putih (170313)...
Fetching villages for Putri Hijau (170314)...
Fetching villages for Air Besi (170315)...
Fetching villages for Air Napal (170316)...
Fetching villages for Hulu Palik (170319)...
Fetching villages for Air Padang (170320)...
Fetching villages for Arma Jaya (170321)...
Fetching villages for Tanjung Agung Palik (170322)...
Fetching villages for Ulok Kupai (170323)...
Fetching villages for Pinang Raya (170324)...
Fetching villages for Marga Sakti Sebelat (170325)...
Fetching villages for Kinal (170401)...
Fetching villages for Tanjung Kemuning (170402)...
Fetching villages for Kaur Utara (170403)...
Fetching villages for Kaur Tengah (170404)...
Fetching villages for Kaur Selatan (170405)...
Fetching villages for Maje (170406)...
Fetching villages for Nasal (170407)...
Fetching villages for Semidang Gumay (170408)...
Fetching villages for Kelam Tengah (170409)...
Fetching villages for Luas (170410)...
Fetching villages for Muara Sahung (170411)...
Fetching villages for Tetap (170412)...
Fetching villages for Lungkang Kule (170413)...
Fetching villages for Padang Guci Hilir (170414)...
Fetching villages for Padang Guci Hulu (170415)...
Fetching villages for Sukaraja (170501)...
Fetching villages for Seluma (170502)...
Fetching villages for Talo (170503)...
Fetching villages for Semidang Alas (170504)...
Fetching villages for Semidang Alas Maras (170505)...
Fetching villages for Air Periukan (170506)...
Fetching villages for Lubuk Sandi (170507)...
Fetching villages for Seluma Barat (170508)...
Fetching villages for Seluma Timur (170509)...
Fetching villages for Seluma Utara (170510)...
Fetching villages for Seluma Selatan (170511)...
Fetching villages for Talo Kecil (170512)...
Fetching villages for Ulu Talo (170513)...
Fetching villages for Ilir Talo (170514)...
Fetching villages for Lubuk Pinang (170601)...
Fetching villages for Kota Mukomuko (170602)...
Fetching villages for Teras Terunjam (170603)...
Fetching villages for Pondok Suguh (170604)...
Fetching villages for Ipuh (170605)...
Fetching villages for Malin Deman (170606)...
Fetching villages for Air Rami (170607)...
Fetching villages for Teramang Jaya (170608)...
Fetching villages for Selagan Raya (170609)...
Fetching villages for Penarik (170610)...
Fetching villages for XIV Koto (170611)...
Fetching villages for V Koto (170612)...
Fetching villages for Air Majunto (170613)...
Fetching villages for Air Dikit (170614)...
Fetching villages for Sungai Rumbai (170615)...
Fetching villages for Lebong Utara (170701)...
Fetching villages for Lebong Atas (170702)...
Fetching villages for Lebong Tengah (170703)...
Fetching villages for Lebong Selatan (170704)...
Fetching villages for Rimbo Pengadang (170705)...
Fetching villages for Topos (170706)...
Fetching villages for Bingin Kuning (170707)...
Fetching villages for Lebong Sakti (170708)...
Fetching villages for Pelabai (170709)...
Fetching villages for Amen (170710)...
Fetching villages for Uram Jaya (170711)...
Fetching villages for Pinang Belapis (170712)...
Fetching villages for Bermani Ilir (170801)...
Fetching villages for Ujan Mas (170802)...
Fetching villages for Tebat Karai (170803)...
Fetching villages for Kepahiang (170804)...
Fetching villages for Merigi (170805)...
Fetching villages for Kebawetan (170806)...
Fetching villages for Seberang Musi (170807)...
Fetching villages for Muara Kemumu (170808)...
Fetching villages for Karang Tinggi (170901)...
Fetching villages for Talang Empat (170902)...
Fetching villages for Pondok Kelapa (170903)...
Fetching villages for Pematang Tiga (170904)...
Fetching villages for Pagar Jati (170905)...
Fetching villages for Taba Penanjung (170906)...
Fetching villages for Merigi Kelindang (170907)...
Fetching villages for Merigi Sakti (170908)...
Fetching villages for Pondok Kubang (170909)...
Fetching villages for Bang Haji (170910)...
Fetching villages for Semidang Lagan (170911)...
Fetching villages for Selebar (177101)...
Fetching villages for Gading Cempaka (177102)...
Fetching villages for Teluk Segara (177103)...
Fetching villages for Muara Bangka Hulu (177104)...
Fetching villages for Kampung Melayu (177105)...
Fetching villages for Ratu Agung (177106)...
Fetching villages for Ratu Samban (177107)...
Fetching villages for Sungai Serut (177108)...
Fetching villages for Singaran Pati (177109)...
Fetching villages for Natar (180104)...
Fetching villages for Tanjung Bintang (180105)...
Fetching villages for Kalianda (180106)...
Fetching villages for Sidomulyo (180107)...
Fetching villages for Katibung (180108)...
Fetching villages for Penengahan (180109)...
Fetching villages for Palas (180110)...
Fetching villages for Jati Agung (180113)...
Fetching villages for Ketapang (180114)...
Fetching villages for Sragi (180115)...
Fetching villages for Raja Basa (180116)...
Fetching villages for Candipuro (180117)...
Fetching villages for Merbau Mataram (180118)...
Fetching villages for Bakauheni (180121)...
Fetching villages for Tanjung Sari (180122)...
Fetching villages for Way Sulan (180123)...
Fetching villages for Way Panji (180124)...
Fetching villages for Kalirejo (180201)...
Fetching villages for Bangun Rejo (180202)...
Fetching villages for Padang Ratu (180203)...
Fetching villages for Gunung Sugih (180204)...
Fetching villages for Trimurjo (180205)...
Fetching villages for Punggur (180206)...
Fetching villages for Terbanggi Besar (180207)...
Fetching villages for Seputih Raman (180208)...
Fetching villages for Rumbia (180209)...
Fetching villages for Seputih Banyak (180210)...
Fetching villages for Seputih Mataram (180211)...
Fetching villages for Seputih Surabaya (180212)...
Fetching villages for Terusan Nunyai (180213)...
Fetching villages for Bumi Ratu Nuban (180214)...
Fetching villages for Bekri (180215)...
Fetching villages for Seputih Agung (180216)...
Fetching villages for Way Pangubuan (180217)...
Fetching villages for Bandar Mataram (180218)...
Fetching villages for Pubian (180219)...
Fetching villages for Selagai Lingga (180220)...
Fetching villages for Anak Tuha (180221)...
Fetching villages for Sendang Agung (180222)...
Fetching villages for Kota Gajah (180223)...
Fetching villages for Bumi Nabung (180224)...
Fetching villages for Way Seputih (180225)...
Fetching villages for Bandar Surabaya (180226)...
Fetching villages for Anak Ratu Aji (180227)...
Fetching villages for Putra Rumbia (180228)...
Fetching villages for Bukit Kemuning (180301)...
Fetching villages for Kotabumi (180302)...
Fetching villages for Sungkai Selatan (180303)...
Fetching villages for Tanjung Raja (180304)...
Fetching villages for Abung Timur (180305)...
Fetching villages for Abung Barat (180306)...
Fetching villages for Abung Selatan (180307)...
Fetching villages for Sungkai Utara (180308)...
Fetching villages for Kotabumi Utara (180309)...
Fetching villages for Kotabumi Selatan (180310)...
Fetching villages for Abung Tengah (180311)...
Fetching villages for Abung Tinggi (180312)...
Fetching villages for Abung Semuli (180313)...
Fetching villages for Abung Surakarta (180314)...
Fetching villages for Muara Sungkai (180315)...
Fetching villages for Bunga Mayang (180316)...
Fetching villages for Hulu Sungkai (180317)...
Fetching villages for Sungkai Tengah (180318)...
Fetching villages for Abung Pekurun (180319)...
Fetching villages for Sungkai Jaya (180320)...
Fetching villages for Sungkai Barat (180321)...
Fetching villages for Abung Kunang (180322)...
Fetching villages for Blambangan Pagar (180323)...
Fetching villages for Balik Bukit (180404)...
Fetching villages for Sumber Jaya (180405)...
Fetching villages for Belalau (180406)...
Fetching villages for Way Tenong (180407)...
Fetching villages for Sekincau (180408)...
Fetching villages for Suoh (180409)...
Fetching villages for Batu Brak (180410)...
Fetching villages for Sukau (180411)...
Fetching villages for Gedung Surian (180415)...
Fetching villages for Kebun Tebu (180418)...
Fetching villages for Air Hitam (180419)...
Fetching villages for Pagar Dewa (180420)...
Fetching villages for Batu Ketulis (180421)...
Fetching villages for Lumbok Seminung (180422)...
Fetching villages for Bandar Negeri Suoh (180423)...
Fetching villages for Menggala (180502)...
Fetching villages for Gedung Aji (180506)...
Fetching villages for Banjar Agung (180508)...
Fetching villages for Gedung Meneng (180511)...
Fetching villages for Rawa Jitu Selatan (180512)...
Fetching villages for Penawar Tama (180513)...
Fetching villages for Rawa Jitu Timur (180518)...
Fetching villages for Banjar Margo (180520)...
Fetching villages for Rawa Pitu (180522)...
Fetching villages for Penawar Aji (180523)...
Fetching villages for Dente Teladas (180525)...
Fetching villages for Meraksa Aji (180526)...
Fetching villages for Gedung Aji Baru (180527)...
Fetching villages for Banjar Baru (180529)...
Fetching villages for Menggala Timur (180530)...
Fetching villages for Kota Agung (180601)...
Fetching villages for Talang Padang (180602)...
Fetching villages for Wonosobo (180603)...
Fetching villages for Pulau Panggung (180604)...
Fetching villages for Cukuh Balak (180609)...
Fetching villages for Pugung (180611)...
Fetching villages for Semaka (180612)...
Fetching villages for Sumber Rejo (180613)...
Fetching villages for Ulu Belu (180615)...
Fetching villages for Pematang Sawa (180616)...
Fetching villages for Klumbayan (180617)...
Fetching villages for Kota Agung Barat (180618)...
Fetching villages for Kota Agung Timur (180619)...
Fetching villages for Gisting (180620)...
Fetching villages for Gunung Alip (180621)...
Fetching villages for Limau (180624)...
Fetching villages for Bandar Negeri Semuong (180625)...
Fetching villages for Air Naningan (180626)...
Fetching villages for Bulok (180627)...
Fetching villages for Klumbayan Barat (180628)...
Fetching villages for Sukadana (180701)...
Fetching villages for Labuhan Maringgai (180702)...
Fetching villages for Jabung (180703)...
Fetching villages for Pekalongan (180704)...
Fetching villages for Sekampung (180705)...
Fetching villages for Batanghari (180706)...
Fetching villages for Way Jepara (180707)...
Fetching villages for Purbolinggo (180708)...
Fetching villages for Raman Utara (180709)...
Fetching villages for Metro Kibang (180710)...
Fetching villages for Marga Tiga (180711)...
Fetching villages for Sekampung Udik (180712)...
Fetching villages for Batanghari Nuban (180713)...
Fetching villages for Bumi Agung (180714)...
Fetching villages for Bandar Sribhawono (180715)...
Fetching villages for Mataram Baru (180716)...
Fetching villages for Melinting (180717)...
Fetching villages for Gunung Pelindung (180718)...
Fetching villages for Pasir Sakti (180719)...
Fetching villages for Waway Karya (180720)...
Fetching villages for Labuhan Ratu (180721)...
Fetching villages for Braja Selebah (180722)...
Fetching villages for Way Bungur (180723)...
Fetching villages for Marga Sekampung (180724)...
Fetching villages for Blambangan Umpu (180801)...
Fetching villages for Kasui (180802)...
Fetching villages for Banjit (180803)...
Fetching villages for Baradatu (180804)...
Fetching villages for Bahuga (180805)...
Fetching villages for Pakuan Ratu (180806)...
Fetching villages for Negeri Agung (180807)...
Fetching villages for Way Tuba (180808)...
Fetching villages for Rebang Tangkas (180809)...
Fetching villages for Gunung Labuhan (180810)...
Fetching villages for Negara Batin (180811)...
Fetching villages for Negeri Besar (180812)...
Fetching villages for Buay Bahuga (180813)...
Fetching villages for Bumi Agung (180814)...
Fetching villages for Gedong Tataan (180901)...
Fetching villages for Negeri Katon (180902)...
Fetching villages for Tegineneng (180903)...
Fetching villages for Way Lima (180904)...
Fetching villages for Padang Cermin (180905)...
Fetching villages for Punduh Pidada (180906)...
Fetching villages for Kedondong (180907)...
Fetching villages for Marga Punduh (180908)...
Fetching villages for Way Khilau (180909)...
Fetching villages for Teluk Pandan (180910)...
Fetching villages for Way Ratai (180911)...
Fetching villages for Pringsewu (181001)...
Fetching villages for Gading Rejo (181002)...
Fetching villages for Ambarawa (181003)...
Fetching villages for Pardasuka (181004)...
Fetching villages for Pagelaran (181005)...
Fetching villages for Banyumas (181006)...
Fetching villages for Adiluwih (181007)...
Fetching villages for Sukoharjo (181008)...
Fetching villages for Pagelaran Utara (181009)...
Fetching villages for Mesuji (181101)...
Fetching villages for Mesuji Timur (181102)...
Fetching villages for Rawa Jitu Utara (181103)...
Fetching villages for Way Serdang (181104)...
Fetching villages for Simpang Pematang (181105)...
Fetching villages for Panca Jaya (181106)...
Fetching villages for Tanjung Raya (181107)...
Fetching villages for Tulang Bawang Tengah (181201)...
Fetching villages for Tumijajar (181202)...
Fetching villages for Tulang Bawang Udik (181203)...
Fetching villages for Gunung Terang (181204)...
Fetching villages for Gunung Agung (181205)...
Fetching villages for Way Kenanga (181206)...
Fetching villages for Lambu Kibang (181207)...
Fetching villages for Pagar Dewa (181208)...
Fetching villages for Batu Putih (181209)...
Fetching villages for Pesisir Tengah (181301)...
Fetching villages for Pesisir Selatan (181302)...
Fetching villages for Lemong (181303)...
Fetching villages for Pesisir Utara (181304)...
Fetching villages for Karya Penggawa (181305)...
Fetching villages for Pulaupisang (181306)...
Fetching villages for Way Krui (181307)...
Fetching villages for Krui Selatan (181308)...
Fetching villages for Ngambur (181309)...
Fetching villages for Ngaras (181310)...
Fetching villages for Bangkunat (181311)...
Fetching villages for Kedaton (187101)...
Fetching villages for Sukarame (187102)...
Fetching villages for Tanjungkarang Barat (187103)...
Fetching villages for Panjang (187104)...
Fetching villages for Tanjungkarang Timur (187105)...
Fetching villages for Tanjungkarang Pusat (187106)...
Fetching villages for Telukbetung Selatan (187107)...
Fetching villages for Telukbetung Barat (187108)...
Fetching villages for Telukbetung Utara (187109)...
Fetching villages for Rajabasa (187110)...
Fetching villages for Tanjung Senang (187111)...
Fetching villages for Sukabumi (187112)...
Fetching villages for Kemiling (187113)...
Fetching villages for Labuhan Ratu (187114)...
Fetching villages for Way Halim (187115)...
Fetching villages for Langkapura (187116)...
Fetching villages for Enggal (187117)...
Fetching villages for Kedamaian (187118)...
Fetching villages for Telukbetung Timur (187119)...
Fetching villages for Bumi Waras (187120)...
Fetching villages for Metro Pusat (187201)...
Fetching villages for Metro Utara (187202)...
Fetching villages for Metro Barat (187203)...
Fetching villages for Metro Timur (187204)...
Fetching villages for Metro Selatan (187205)...
Fetching villages for Sungailiat (190101)...
Fetching villages for Belinyu (190102)...
Fetching villages for Merawang (190103)...
Fetching villages for Mendo Barat (190104)...
Fetching villages for Pemali (190105)...
Fetching villages for Bakam (190106)...
Fetching villages for Riau Silip (190107)...
Fetching villages for Puding Besar (190108)...
Fetching villages for Tanjung Pandan (190201)...
Fetching villages for Membalong (190202)...
Fetching villages for Selat Nasik (190203)...
Fetching villages for Sijuk (190204)...
Fetching villages for Badau (190205)...
Fetching villages for Toboali (190301)...
Fetching villages for Lepar Pongok (190302)...
Fetching villages for Air Gegas (190303)...
Fetching villages for Simpang Rimba (190304)...
Fetching villages for Payung (190305)...
Fetching villages for Tukak Sadai (190306)...
Fetching villages for Pulaubesar (190307)...
Fetching villages for Kepulauan Pongok (190308)...
Fetching villages for Koba (190401)...
Fetching villages for Pangkalan Baru (190402)...
Fetching villages for Sungai Selan (190403)...
Fetching villages for Simpang Katis (190404)...
Fetching villages for Namang (190405)...
Fetching villages for Lubuk Besar (190406)...
Fetching villages for Mentok (190501)...
Fetching villages for Simpang Teritip (190502)...
Fetching villages for Jebus (190503)...
Fetching villages for Kelapa (190504)...
Fetching villages for Tempilang (190505)...
Fetching villages for Parittiga (190506)...
Fetching villages for Manggar (190601)...
Fetching villages for Gantung (190602)...
Fetching villages for Dendang (190603)...
Fetching villages for Kelapa Kampit (190604)...
Fetching villages for Damar (190605)...
Fetching villages for Simpang Renggiang (190606)...
Fetching villages for Simpang Pesak (190607)...
Fetching villages for Bukitintan (197101)...
Fetching villages for Taman Sari (197102)...
Fetching villages for Pangkal Balam (197103)...
Fetching villages for Rangkui (197104)...
Fetching villages for Gerunggang (197105)...
Fetching villages for Gabek (197106)...
Fetching villages for Girimaya (197107)...
Fetching villages for Gunung Kijang (210104)...
Fetching villages for Bintan Timur (210106)...
Fetching villages for Bintan Utara (210107)...
Fetching villages for Teluk Bintan (210108)...
Fetching villages for Tambelan (210109)...
Fetching villages for Telok Sebong (210110)...
Fetching villages for Toapaya (210112)...
Fetching villages for Mantang (210113)...
Fetching villages for Bintan Pesisir (210114)...
Fetching villages for Seri Kuala Lobam (210115)...
Fetching villages for Moro (210201)...
Fetching villages for Kundur (210202)...
Fetching villages for Karimun (210203)...
Fetching villages for Meral (210204)...
Fetching villages for Tebing (210205)...
Fetching villages for Buru (210206)...
Fetching villages for Kundur Utara (210207)...
Fetching villages for Kundur Barat (210208)...
Fetching villages for Durai (210209)...
Fetching villages for Meral Barat (210210)...
Fetching villages for Ungar (210211)...
Fetching villages for Belat (210212)...
Fetching villages for Midai (210304)...
Fetching villages for Bunguran Barat (210305)...
Fetching villages for Serasan (210306)...
Fetching villages for Bunguran Timur (210307)...
Fetching villages for Bunguran Utara (210308)...
Fetching villages for Subi (210309)...
Fetching villages for Pulau Laut (210310)...
Fetching villages for Pulau Tiga (210311)...
Fetching villages for Bunguran Timur Laut (210315)...
Fetching villages for Bunguran Tengah (210316)...
Fetching villages for Bunguran Selatan (210318)...
Fetching villages for Serasan Timur (210319)...
Fetching villages for Bunguran Batubi (210320)...
Fetching villages for Pulau Tiga Barat (210321)...
Fetching villages for Suak Midai (210322)...
Fetching villages for Singkep (210401)...
Fetching villages for Lingga (210402)...
Fetching villages for Senayang (210403)...
Fetching villages for Singkep Barat (210404)...
Fetching villages for Lingga Utara (210405)...
Fetching villages for Singkep Pesisir (210406)...
Fetching villages for Lingga Timur (210407)...
Fetching villages for Selayar (210408)...
Fetching villages for Singkep Selatan (210409)...
Fetching villages for Kepulauan Posek (210410)...
Fetching villages for Katang Bidare (210411)...
Fetching villages for Temiang Pesisir (210412)...
Fetching villages for Bakung Serumpun (210413)...
Fetching villages for Siantan (210501)...
Fetching villages for Palmatak (210502)...
Fetching villages for Siantan Timur (210503)...
Fetching villages for Siantan Selatan (210504)...
Fetching villages for Jemaja Timur (210505)...
Fetching villages for Jemaja (210506)...
Fetching villages for Siantan Tengah (210507)...
Fetching villages for Siantan Utara (210508)...
Fetching villages for Jemaja Barat (210509)...
Fetching villages for Belakang Padang (217101)...
Fetching villages for Batu Ampar (217102)...
Fetching villages for Sekupang (217103)...
Fetching villages for Nongsa (217104)...
Fetching villages for Bulang (217105)...
Fetching villages for Lubuk Baja (217106)...
Fetching villages for Sei Beduk (217107)...
Fetching villages for Galang (217108)...
Fetching villages for Bengkong (217109)...
Fetching villages for Batam Kota (217110)...
Fetching villages for Sagulung (217111)...
Fetching villages for Batu Aji (217112)...
Fetching villages for Tanjung Pinang Barat (217201)...
Fetching villages for Tanjung Pinang Timur (217202)...
Fetching villages for Tanjung Pinang Kota (217203)...
Fetching villages for Bukit Bestari (217204)...
Fetching villages for Kepulauan Seribu Utara (310101)...
Fetching villages for Kepulauan Seribu Selatan. (310102)...
Fetching villages for Gambir (317101)...
Fetching villages for Sawah Besar (317102)...
Fetching villages for Kemayoran (317103)...
Fetching villages for Senen (317104)...
Fetching villages for Cempaka Putih (317105)...
Fetching villages for Menteng (317106)...
Fetching villages for Tanah Abang (317107)...
Fetching villages for Johar Baru (317108)...
Fetching villages for Penjaringan (317201)...
Fetching villages for Tanjung Priok (317202)...
Fetching villages for Koja (317203)...
Fetching villages for Cilincing (317204)...
Fetching villages for Pademangan (317205)...
Fetching villages for Kelapa Gading (317206)...
Fetching villages for Cengkareng (317301)...
Fetching villages for Grogol Petamburan (317302)...
Fetching villages for Taman Sari (317303)...
Fetching villages for Tambora (317304)...
Fetching villages for Kebon Jeruk (317305)...
Fetching villages for Kalideres (317306)...
Fetching villages for Pal Merah (317307)...
Fetching villages for Kembangan (317308)...
Fetching villages for Tebet (317401)...
Fetching villages for Setiabudi (317402)...
Fetching villages for Mampang Prapatan (317403)...
Fetching villages for Pasar Minggu (317404)...
Fetching villages for Kebayoran Lama (317405)...
Fetching villages for Cilandak (317406)...
Fetching villages for Kebayoran Baru (317407)...
Fetching villages for Pancoran (317408)...
Fetching villages for Jagakarsa (317409)...
Fetching villages for Pesanggrahan (317410)...
Fetching villages for Matraman (317501)...
Fetching villages for Pulogadung (317502)...
Fetching villages for Jatinegara (317503)...
Fetching villages for Kramatjati (317504)...
Fetching villages for Pasar Rebo (317505)...
Fetching villages for Cakung (317506)...
Fetching villages for Duren Sawit (317507)...
Fetching villages for Makasar (317508)...
Fetching villages for Ciracas (317509)...
Fetching villages for Cipayung (317510)...
Fetching villages for Cibinong (320101)...
Fetching villages for Gunung Putri (320102)...
Fetching villages for Citeureup (320103)...
Fetching villages for Sukaraja (320104)...
Fetching villages for Babakan Madang (320105)...
Fetching villages for Jonggol (320106)...
Fetching villages for Cileungsi (320107)...
Fetching villages for Cariu (320108)...
Fetching villages for Sukamakmur (320109)...
Fetching villages for Parung (320110)...
Fetching villages for Gunung Sindur (320111)...
Fetching villages for Kemang (320112)...
Fetching villages for Bojong Gede (320113)...
Fetching villages for Leuwiliang (320114)...
Fetching villages for Ciampea (320115)...
Fetching villages for Cibungbulang (320116)...
Fetching villages for Pamijahan (320117)...
Fetching villages for Rumpin (320118)...
Fetching villages for Jasinga (320119)...
Fetching villages for Parung Panjang (320120)...
Fetching villages for Nanggung (320121)...
Fetching villages for Cigudeg (320122)...
Fetching villages for Tenjo (320123)...
Fetching villages for Ciawi (320124)...
Fetching villages for Cisarua (320125)...
Fetching villages for Megamendung (320126)...
Fetching villages for Caringin (320127)...
Fetching villages for Cijeruk (320128)...
Fetching villages for Ciomas (320129)...
Fetching villages for Dramaga (320130)...
Fetching villages for Tamansari (320131)...
Fetching villages for Klapanunggal (320132)...
Fetching villages for Ciseeng (320133)...
Fetching villages for Ranca Bungur (320134)...
Fetching villages for Sukajaya (320135)...
Fetching villages for Tanjungsari (320136)...
Fetching villages for Tajurhalang (320137)...
Fetching villages for Cigombong (320138)...
Fetching villages for Leuwisadeng (320139)...
Fetching villages for Tenjolaya (320140)...
Fetching villages for Palabuhanratu (320201)...
Fetching villages for Simpenan (320202)...
Fetching villages for Cikakak (320203)...
Fetching villages for Bantargadung (320204)...
Fetching villages for Cisolok (320205)...
Fetching villages for Cikidang (320206)...
Fetching villages for Lengkong (320207)...
Fetching villages for Jampangtengah (320208)...
Fetching villages for Warungkiara (320209)...
Fetching villages for Cikembar (320210)...
Fetching villages for Cibadak (320211)...
Fetching villages for Nagrak (320212)...
Fetching villages for Parungkuda (320213)...
Fetching villages for Bojonggenteng (320214)...
Fetching villages for Parakansalak (320215)...
Fetching villages for Cicurug (320216)...
Fetching villages for Cidahu (320217)...
Fetching villages for Kalapanunggal (320218)...
Fetching villages for Kabandungan (320219)...
Fetching villages for Waluran (320220)...
Fetching villages for Jampangkulon (320221)...
Fetching villages for Ciemas (320222)...
Fetching villages for Kalibunder (320223)...
Fetching villages for Surade (320224)...
Fetching villages for Cibitung (320225)...
Fetching villages for Ciracap (320226)...
Fetching villages for Gunungguruh (320227)...
Fetching villages for Cicantayan (320228)...
Fetching villages for Cisaat (320229)...
Fetching villages for Kadudampit (320230)...
Fetching villages for Caringin (320231)...
Fetching villages for Sukabumi (320232)...
Fetching villages for Sukaraja (320233)...
Fetching villages for Kebonpedes (320234)...
Fetching villages for Cireunghas (320235)...
Fetching villages for Sukalarang (320236)...
Fetching villages for Pabuaran (320237)...
Fetching villages for Purabaya (320238)...
Fetching villages for Nyalindung (320239)...
Fetching villages for Gegerbitung (320240)...
Fetching villages for Sagaranten (320241)...
Fetching villages for Curugkembar (320242)...
Fetching villages for Cidolog (320243)...
Fetching villages for Cidadap (320244)...
Fetching villages for Tegalbuleud (320245)...
Fetching villages for Cimanggu (320246)...
Fetching villages for Ciambar (320247)...
Fetching villages for Cianjur (320301)...
Fetching villages for Warungkondang (320302)...
Fetching villages for Cibeber (320303)...
Fetching villages for Cilaku (320304)...
Fetching villages for Ciranjang (320305)...
Fetching villages for Bojongpicung (320306)...
Fetching villages for Karangtengah (320307)...
Fetching villages for Mande (320308)...
Fetching villages for Sukaluyu (320309)...
Fetching villages for Pacet (320310)...
Fetching villages for Cugenang (320311)...
Fetching villages for Cikalongkulon (320312)...
Fetching villages for Sukaresmi (320313)...
Fetching villages for Sukanagara (320314)...
Fetching villages for Campaka (320315)...
Fetching villages for Takokak (320316)...
Fetching villages for Kadupandak (320317)...
Fetching villages for Pagelaran (320318)...
Fetching villages for Tanggeung (320319)...
Fetching villages for Cibinong (320320)...
Fetching villages for Sindangbarang (320321)...
Fetching villages for Agrabinta (320322)...
Fetching villages for Cidaun (320323)...
Fetching villages for Naringgul (320324)...
Fetching villages for Campakamulya (320325)...
Fetching villages for Cikadu (320326)...
Fetching villages for Gekbrong (320327)...
Fetching villages for Cipanas (320328)...
Fetching villages for Cijati (320329)...
Fetching villages for Leles (320330)...
Fetching villages for Haurwangi (320331)...
Fetching villages for Pasirkuda (320332)...
Fetching villages for Cileunyi (320405)...
Fetching villages for Cimenyan (320406)...
Fetching villages for Cilengkrang (320407)...
Fetching villages for Bojongsoang (320408)...
Fetching villages for Margahayu (320409)...
Fetching villages for Margaasih (320410)...
Fetching villages for Katapang (320411)...
Fetching villages for Dayeuhkolot (320412)...
Fetching villages for Banjaran (320413)...
Fetching villages for Pameungpeuk (320414)...
Fetching villages for Pangalengan (320415)...
Fetching villages for Arjasari (320416)...
Fetching villages for Cimaung (320417)...
Fetching villages for Cicalengka (320425)...
Fetching villages for Nagreg (320426)...
Fetching villages for Cikancung (320427)...
Fetching villages for Rancaekek (320428)...
Fetching villages for Ciparay (320429)...
Fetching villages for Pacet (320430)...
Fetching villages for Kertasari (320431)...
Fetching villages for Baleendah (320432)...
Fetching villages for Majalaya (320433)...
Fetching villages for Solokanjeruk (320434)...
Fetching villages for Paseh (320435)...
Fetching villages for Ibun (320436)...
Fetching villages for Soreang (320437)...
Fetching villages for Pasirjambu (320438)...
Fetching villages for Ciwidey (320439)...
Fetching villages for Rancabali (320440)...
Fetching villages for Cangkuang (320444)...
Fetching villages for Kutawaringin (320446)...
Fetching villages for Garut Kota (320501)...
Fetching villages for Karangpawitan (320502)...
Fetching villages for Wanaraja (320503)...
Fetching villages for Tarogong Kaler (320504)...
Fetching villages for Tarogong Kidul (320505)...
Fetching villages for Banyuresmi (320506)...
Fetching villages for Samarang (320507)...
Fetching villages for Pasirwangi (320508)...
Fetching villages for Leles (320509)...
Fetching villages for Kadungora (320510)...
Fetching villages for Leuwigoong (320511)...
Fetching villages for Cibatu (320512)...
Fetching villages for Kersamanah (320513)...
Fetching villages for Malangbong (320514)...
Fetching villages for Sukawening (320515)...
Fetching villages for Karangtengah (320516)...
Fetching villages for Bayongbong (320517)...
Fetching villages for Cigedug (320518)...
Fetching villages for Cilawu (320519)...
Fetching villages for Cisurupan (320520)...
Fetching villages for Sukaresmi (320521)...
Fetching villages for Cikajang (320522)...
Fetching villages for Banjarwangi (320523)...
Fetching villages for Singajaya (320524)...
Fetching villages for Cihurip (320525)...
Fetching villages for Peundeuy (320526)...
Fetching villages for Pameungpeuk (320527)...
Fetching villages for Cisompet (320528)...
Fetching villages for Cibalong (320529)...
Fetching villages for Cikelet (320530)...
Fetching villages for Bungbulang (320531)...
Fetching villages for Mekarmukti (320532)...
Fetching villages for Pakenjeng (320533)...
Fetching villages for Pamulihan (320534)...
Fetching villages for Cisewu (320535)...
Fetching villages for Caringin (320536)...
Fetching villages for Talegong (320537)...
Fetching villages for Bl. Limbangan (320538)...
Fetching villages for Selaawi (320539)...
Fetching villages for Cibiuk (320540)...
Fetching villages for Pangatikan (320541)...
Fetching villages for Sucinaraja (320542)...
Fetching villages for Cipatujah (320601)...
Fetching villages for Karangnunggal (320602)...
Fetching villages for Cikalong (320603)...
Fetching villages for Pancatengah (320604)...
Fetching villages for Cikatomas (320605)...
Fetching villages for Cibalong (320606)...
Fetching villages for Parungponteng (320607)...
Fetching villages for Bantarkalong (320608)...
Fetching villages for Bojongasih (320609)...
Fetching villages for Culamega (320610)...
Fetching villages for Bojonggambir (320611)...
Fetching villages for Sodonghilir (320612)...
Fetching villages for Taraju (320613)...
Fetching villages for Salawu (320614)...
Fetching villages for Puspahiang (320615)...
Fetching villages for Tanjungjaya (320616)...
Fetching villages for Sukaraja (320617)...
Fetching villages for Salopa (320618)...
Fetching villages for Jatiwaras (320619)...
Fetching villages for Cineam (320620)...
Fetching villages for Karang Jaya (320621)...
Fetching villages for Manonjaya (320622)...
Fetching villages for Gunung Tanjung (320623)...
Fetching villages for Singaparna (320624)...
Fetching villages for Mangunreja (320625)...
Fetching villages for Sukarame (320626)...
Fetching villages for Cigalontang (320627)...
Fetching villages for Leuwisari (320628)...
Fetching villages for Padakembang (320629)...
Fetching villages for Sariwangi (320630)...
Fetching villages for Sukaratu (320631)...
Fetching villages for Cisayong (320632)...
Fetching villages for Sukahening (320633)...
Fetching villages for Rajapolah (320634)...
Fetching villages for Jamanis (320635)...
Fetching villages for Ciawi (320636)...
Fetching villages for Kadipaten (320637)...
Fetching villages for Pagerageung (320638)...
Fetching villages for Sukaresik (320639)...
Fetching villages for Ciamis (320701)...
Fetching villages for Cikoneng (320702)...
Fetching villages for Cijeungjing (320703)...
Fetching villages for Sadananya (320704)...
Fetching villages for Cidolog (320705)...
Fetching villages for Cihaurbeuti (320706)...
Fetching villages for Panumbangan (320707)...
Fetching villages for Panjalu (320708)...
Fetching villages for Kawali (320709)...
Fetching villages for Panawangan (320710)...
Fetching villages for Cipaku (320711)...
Fetching villages for Jatinagara (320712)...
Fetching villages for Rajadesa (320713)...
Fetching villages for Sukadana (320714)...
Fetching villages for Rancah (320715)...
Fetching villages for Tambaksari (320716)...
Fetching villages for Lakbok (320717)...
Fetching villages for Banjarsari (320718)...
Fetching villages for Pamarican (320719)...
Fetching villages for Cimaragas (320729)...
Fetching villages for Cisaga (320730)...
Fetching villages for Sindangkasih (320731)...
Fetching villages for Baregbeg (320732)...
Fetching villages for Sukamantri (320733)...
Fetching villages for Lumbung (320734)...
Fetching villages for Purwadadi (320735)...
Fetching villages for Banjaranyar (320737)...
Fetching villages for Kadugede (320801)...
Fetching villages for Ciniru (320802)...
Fetching villages for Subang (320803)...
Fetching villages for Ciwaru (320804)...
Fetching villages for Cibingbin (320805)...
Fetching villages for Luragung (320806)...
Fetching villages for Lebakwangi (320807)...
Fetching villages for Garawangi (320808)...
Fetching villages for Kuningan (320809)...
Fetching villages for Ciawigebang (320810)...
Fetching villages for Cidahu (320811)...
Fetching villages for Jalaksana (320812)...
Fetching villages for Cilimus (320813)...
Fetching villages for Mandirancan (320814)...
Fetching villages for Selajambe (320815)...
Fetching villages for Kramatmulya (320816)...
Fetching villages for Darma (320817)...
Fetching villages for Cigugur (320818)...
Fetching villages for Pasawahan (320819)...
Fetching villages for Nusaherang (320820)...
Fetching villages for Cipicung (320821)...
Fetching villages for Pancalang (320822)...
Fetching villages for Japara (320823)...
Fetching villages for Cimahi (320824)...
Fetching villages for Cilebak (320825)...
Fetching villages for Hantara (320826)...
Fetching villages for Kalimanggis (320827)...
Fetching villages for Cibeureum (320828)...
Fetching villages for Karang Kancana (320829)...
Fetching villages for Maleber (320830)...
Fetching villages for Sindang Agung (320831)...
Fetching villages for Cigandamekar (320832)...
Fetching villages for Waled (320901)...
Fetching villages for Ciledug (320902)...
Fetching villages for Losari (320903)...
Fetching villages for Pabedilan (320904)...
Fetching villages for Babakan (320905)...
Fetching villages for Karangsembung (320906)...
Fetching villages for Lemahabang (320907)...
Fetching villages for Susukan Lebak (320908)...
Fetching villages for Sedong (320909)...
Fetching villages for Astanajapura (320910)...
Fetching villages for Pangenan (320911)...
Fetching villages for Mundu (320912)...
Fetching villages for Beber (320913)...
Fetching villages for Talun (320914)...
Fetching villages for Sumber (320915)...
Fetching villages for Dukupuntang (320916)...
Fetching villages for Palimanan (320917)...
Fetching villages for Plumbon (320918)...
Fetching villages for Weru (320919)...
Fetching villages for Kedawung (320920)...
Fetching villages for Gunung Jati (320921)...
Fetching villages for Kapetakan (320922)...
Fetching villages for Klangenan (320923)...
Fetching villages for Arjawinangun (320924)...
Fetching villages for Panguragan (320925)...
Fetching villages for Ciwaringin (320926)...
Fetching villages for Susukan (320927)...
Fetching villages for Gegesik (320928)...
Fetching villages for Kaliwedi (320929)...
Fetching villages for Gebang (320930)...
Fetching villages for Depok (320931)...
Fetching villages for Pasaleman (320932)...
Fetching villages for Pabuaran (320933)...
Fetching villages for Karangwareng (320934)...
Fetching villages for Tengah Tani (320935)...
Fetching villages for Plered (320936)...
Fetching villages for Gempol (320937)...
Fetching villages for Greged (320938)...
Fetching villages for Suranenggala (320939)...
Fetching villages for Jamblang (320940)...
Fetching villages for Lemahsugih (321001)...
Fetching villages for Bantarujeg (321002)...
Fetching villages for Cikijing (321003)...
Fetching villages for Talaga (321004)...
Fetching villages for Argapura (321005)...
Fetching villages for Maja (321006)...
Fetching villages for Majalengka (321007)...
Fetching villages for Sukahaji (321008)...
Fetching villages for Rajagaluh (321009)...
Fetching villages for Leuwimunding (321010)...
Fetching villages for Jatiwangi (321011)...
Fetching villages for Dawuan (321012)...
Fetching villages for Kadipaten (321013)...
Fetching villages for Kertajati (321014)...
Fetching villages for Jatitujuh (321015)...
Fetching villages for Ligung (321016)...
Fetching villages for Sumberjaya (321017)...
Fetching villages for Panyingkiran (321018)...
Fetching villages for Palasah (321019)...
Fetching villages for Cigasong (321020)...
Fetching villages for Sindangwangi (321021)...
Fetching villages for Banjaran (321022)...
Fetching villages for Cingambul (321023)...
Fetching villages for Kasokandel (321024)...
Fetching villages for Sindang (321025)...
Fetching villages for Malausma (321026)...
Fetching villages for Wado (321101)...
Fetching villages for Jatinunggal (321102)...
Fetching villages for Darmaraja (321103)...
Fetching villages for Cibugel (321104)...
Fetching villages for Cisitu (321105)...
Fetching villages for Situraja (321106)...
Fetching villages for Conggeang (321107)...
Fetching villages for Paseh (321108)...
Fetching villages for Surian (321109)...
Fetching villages for Buahdua (321110)...
Fetching villages for Tanjungsari (321111)...
Fetching villages for Sukasari (321112)...
Fetching villages for Pamulihan (321113)...
Fetching villages for Cimanggung (321114)...
Fetching villages for Jatinangor (321115)...
Fetching villages for Rancakalong (321116)...
Fetching villages for Sumedang Selatan (321117)...
Fetching villages for Sumedang Utara (321118)...
Fetching villages for Ganeas (321119)...
Fetching villages for Tanjungkerta (321120)...
Fetching villages for Tanjungmedar (321121)...
Fetching villages for Cimalaka (321122)...
Fetching villages for Cisarua (321123)...
Fetching villages for Tomo (321124)...
Fetching villages for Ujungjaya (321125)...
Fetching villages for Jatigede (321126)...
Fetching villages for Haurgeulis (321201)...
Fetching villages for Kroya (321202)...
Fetching villages for Gabuswetan (321203)...
Fetching villages for Cikedung (321204)...
Fetching villages for Lelea (321205)...
Fetching villages for Bangodua (321206)...
Fetching villages for Widasari (321207)...
Fetching villages for Kertasemaya (321208)...
Fetching villages for Krangkeng (321209)...
Fetching villages for Karangampel (321210)...
Fetching villages for Juntinyuat (321211)...
Fetching villages for Sliyeg (321212)...
Fetching villages for Jatibarang (321213)...
Fetching villages for Balongan (321214)...
Fetching villages for Indramayu (321215)...
Fetching villages for Sindang (321216)...
Fetching villages for Cantigi (321217)...
Fetching villages for Lohbener (321218)...
Fetching villages for Arahan (321219)...
Fetching villages for Losarang (321220)...
Fetching villages for Kandanghaur (321221)...
Fetching villages for Bongas (321222)...
Fetching villages for Anjatan (321223)...
Fetching villages for Sukra (321224)...
Fetching villages for Gantar (321225)...
Fetching villages for Trisi (321226)...
Fetching villages for Sukagumiwang (321227)...
Fetching villages for Kedokan Bunder (321228)...
Fetching villages for Pasekan (321229)...
Fetching villages for Tukdana (321230)...
Fetching villages for Patrol (321231)...
Fetching villages for Sagalaherang (321301)...
Fetching villages for Cisalak (321302)...
Fetching villages for Subang (321303)...
Fetching villages for Kalijati (321304)...
Fetching villages for Pabuaran (321305)...
Fetching villages for Purwadadi (321306)...
Fetching villages for Pagaden (321307)...
Fetching villages for Binong (321308)...
Fetching villages for Ciasem (321309)...
Fetching villages for Pusakanagara (321310)...
Fetching villages for Pamanukan (321311)...
Fetching villages for Jalancagak (321312)...
Fetching villages for Blanakan (321313)...
Fetching villages for Tanjungsiang (321314)...
Fetching villages for Compreng (321315)...
Fetching villages for Patokbeusi (321316)...
Fetching villages for Cibogo (321317)...
Fetching villages for Cipunagara (321318)...
Fetching villages for Cijambe (321319)...
Fetching villages for Cipeundeuy (321320)...
Fetching villages for Legonkulon (321321)...
Fetching villages for Cikaum (321322)...
Fetching villages for Serangpanjang (321323)...
Fetching villages for Sukasari (321324)...
Fetching villages for Tambakdahan (321325)...
Fetching villages for Kasomalang (321326)...
Fetching villages for Dawuan (321327)...
Fetching villages for Pagaden Barat (321328)...
Fetching villages for Ciater (321329)...
Fetching villages for Pusakajaya (321330)...
Fetching villages for Purwakarta (321401)...
Fetching villages for Campaka (321402)...
Fetching villages for Jatiluhur (321403)...
Fetching villages for Plered (321404)...
Fetching villages for Sukatani (321405)...
Fetching villages for Darangdan (321406)...
Fetching villages for Maniis (321407)...
Fetching villages for Tegalwaru (321408)...
Fetching villages for Wanayasa (321409)...
Fetching villages for Pasawahan (321410)...
Fetching villages for Bojong (321411)...
Fetching villages for Babakancikao (321412)...
Fetching villages for Bungursari (321413)...
Fetching villages for Cibatu (321414)...
Fetching villages for Sukasari (321415)...
Fetching villages for Pondoksalam (321416)...
Fetching villages for Kiarapedes (321417)...
Fetching villages for Karawang Barat (321501)...
Fetching villages for Pangkalan (321502)...
Fetching villages for Telukjambe Timur (321503)...
Fetching villages for Ciampel (321504)...
Fetching villages for Klari (321505)...
Fetching villages for Rengasdengklok (321506)...
Fetching villages for Kutawaluya (321507)...
Fetching villages for Batujaya (321508)...
Fetching villages for Tirtajaya (321509)...
Fetching villages for Pedes (321510)...
Fetching villages for Cibuaya (321511)...
Fetching villages for Pakisjaya (321512)...
Fetching villages for Cikampek (321513)...
Fetching villages for Jatisari (321514)...
Fetching villages for Cilamaya Wetan (321515)...
Fetching villages for Tirtamulya (321516)...
Fetching villages for Telagasari (321517)...
Fetching villages for Rawamerta (321518)...
Fetching villages for Lemahabang (321519)...
Fetching villages for Tempuran (321520)...
Fetching villages for Majalaya (321521)...
Fetching villages for Jayakerta (321522)...
Fetching villages for Cilamaya Kulon (321523)...
Fetching villages for Banyusari (321524)...
Fetching villages for Kota Baru (321525)...
Fetching villages for Karawang Timur (321526)...
Fetching villages for Telukjambe Barat (321527)...
Fetching villages for Tegalwaru (321528)...
Fetching villages for Purwasari (321529)...
Fetching villages for Cilebar (321530)...
Fetching villages for Tarumajaya (321601)...
Fetching villages for Babelan (321602)...
Fetching villages for Sukawangi (321603)...
Fetching villages for Tambelang (321604)...
Fetching villages for Tambun Utara (321605)...
Fetching villages for Tambun Selatan (321606)...
Fetching villages for Cibitung (321607)...
Fetching villages for Cikarang Barat (321608)...
Fetching villages for Cikarang Utara (321609)...
Fetching villages for Karang Bahagia (321610)...
Fetching villages for Cikarang Timur (321611)...
Fetching villages for Kedung Waringin (321612)...
Fetching villages for Pebayuran (321613)...
Fetching villages for Sukakarya (321614)...
Fetching villages for Sukatani (321615)...
Fetching villages for Cabangbungin (321616)...
Fetching villages for Muaragembong (321617)...
Fetching villages for Setu (321618)...
Fetching villages for Cikarang Selatan (321619)...
Fetching villages for Cikarang Pusat (321620)...
Fetching villages for Serang Baru (321621)...
Fetching villages for Cibarusah (321622)...
Fetching villages for Bojongmangu (321623)...
Fetching villages for Lembang (321701)...
Fetching villages for Parongpong (321702)...
Fetching villages for Cisarua (321703)...
Fetching villages for Cikalongwetan (321704)...
Fetching villages for Cipeundeuy (321705)...
Fetching villages for Ngamprah (321706)...
Fetching villages for Cipatat (321707)...
Fetching villages for Padalarang (321708)...
Fetching villages for Batujajar (321709)...
Fetching villages for Cihampelas (321710)...
Fetching villages for Cililin (321711)...
Fetching villages for Cipongkor (321712)...
Fetching villages for Rongga (321713)...
Fetching villages for Sindangkerta (321714)...
Fetching villages for Gununghalu (321715)...
Fetching villages for Saguling (321716)...
Fetching villages for Parigi (321801)...
Fetching villages for Cijulang (321802)...
Fetching villages for Cimerak (321803)...
Fetching villages for Cigugur (321804)...
Fetching villages for Langkaplancar (321805)...
Fetching villages for Mangunjaya (321806)...
Fetching villages for Padaherang (321807)...
Fetching villages for Kalipucang (321808)...
Fetching villages for Pangandaran (321809)...
Fetching villages for Sidamulih (321810)...
Fetching villages for Bogor Selatan (327101)...
Fetching villages for Bogor Timur (327102)...
Fetching villages for Bogor Tengah (327103)...
Fetching villages for Bogor Barat (327104)...
Fetching villages for Bogor Utara (327105)...
Fetching villages for Tanah Sareal (327106)...
Fetching villages for Gunungpuyuh (327201)...
Fetching villages for Cikole (327202)...
Fetching villages for Citamiang (327203)...
Fetching villages for Warudoyong (327204)...
Fetching villages for Baros (327205)...
Fetching villages for Lembursitu (327206)...
Fetching villages for Cibeureum (327207)...
Fetching villages for Sukasari (327301)...
Fetching villages for Coblong (327302)...
Fetching villages for Babakan Ciparay (327303)...
Fetching villages for Bojongloa Kaler (327304)...
Fetching villages for Andir (327305)...
Fetching villages for Cicendo (327306)...
Fetching villages for Sukajadi (327307)...
Fetching villages for Cidadap (327308)...
Fetching villages for Bandung Wetan (327309)...
Fetching villages for Astana Anyar (327310)...
Fetching villages for Regol (327311)...
Fetching villages for Batununggal (327312)...
Fetching villages for Lengkong (327313)...
Fetching villages for Cibeunying Kidul (327314)...
Fetching villages for Bandung Kulon (327315)...
Fetching villages for Kiaracondong (327316)...
Fetching villages for Bojongloa Kidul (327317)...
Fetching villages for Cibeunying Kaler (327318)...
Fetching villages for Sumur Bandung (327319)...
Fetching villages for Antapani (327320)...
Fetching villages for Bandung Kidul (327321)...
Fetching villages for Buahbatu (327322)...
Fetching villages for Rancasari (327323)...
Fetching villages for Arcamanik (327324)...
Fetching villages for Cibiru (327325)...
Fetching villages for Ujungberung (327326)...
Fetching villages for Gedebage (327327)...
Fetching villages for Panyileukan (327328)...
Fetching villages for Cinambo (327329)...
Fetching villages for Mandalajati (327330)...
Fetching villages for Kejaksan (327401)...
Fetching villages for Lemah Wungkuk (327402)...
Fetching villages for Harjamukti (327403)...
Fetching villages for Pekalipan (327404)...
Fetching villages for Kesambi (327405)...
Fetching villages for Bekasi Timur (327501)...
Fetching villages for Bekasi Barat (327502)...
Fetching villages for Bekasi Utara (327503)...
Fetching villages for Bekasi Selatan (327504)...
Fetching villages for Rawalumbu (327505)...
Fetching villages for Medansatria (327506)...
Fetching villages for Bantargebang (327507)...
Fetching villages for Pondokgede (327508)...
Fetching villages for Jatiasih (327509)...
Fetching villages for Jatisampurna (327510)...
Fetching villages for Mustikajaya (327511)...
Fetching villages for Pondokmelati (327512)...
Fetching villages for Pancoran Mas (327601)...
Fetching villages for Cimanggis (327602)...
Fetching villages for Sawangan (327603)...
Fetching villages for Limo (327604)...
Fetching villages for Sukmajaya (327605)...
Fetching villages for Beji (327606)...
Fetching villages for Cipayung (327607)...
Fetching villages for Cilodong (327608)...
Fetching villages for Cinere (327609)...
Fetching villages for Tapos (327610)...
Fetching villages for Bojongsari (327611)...
Fetching villages for Cimahi Selatan (327701)...
Fetching villages for Cimahi Tengah (327702)...
Fetching villages for Cimahi Utara (327703)...
Fetching villages for Cihideung (327801)...
Fetching villages for Cipedes (327802)...
Fetching villages for Tawang (327803)...
Fetching villages for Indihiang (327804)...
Fetching villages for Kawalu (327805)...
Fetching villages for Cibeureum (327806)...
Fetching villages for Tamansari (327807)...
Fetching villages for Mangkubumi (327808)...
Fetching villages for Bungursari (327809)...
Fetching villages for Purbaratu (327810)...
Fetching villages for Banjar (327901)...
Fetching villages for Pataruman (327902)...
Fetching villages for Purwaharja (327903)...
Fetching villages for Langensari (327904)...
Fetching villages for Kedungreja (330101)...
Fetching villages for Kesugihan (330102)...
Fetching villages for Adipala (330103)...
Fetching villages for Binangun (330104)...
Fetching villages for Nusawungu (330105)...
Fetching villages for Kroya (330106)...
Fetching villages for Maos (330107)...
Fetching villages for Jeruklegi (330108)...
Fetching villages for Kawunganten (330109)...
Fetching villages for Gandrungmangu (330110)...
Fetching villages for Sidareja (330111)...
Fetching villages for Karangpucung (330112)...
Fetching villages for Cimanggu (330113)...
Fetching villages for Majenang (330114)...
Fetching villages for Wanareja (330115)...
Fetching villages for Dayeuhluhur (330116)...
Fetching villages for Sampang (330117)...
Fetching villages for Cipari (330118)...
Fetching villages for Patimuan (330119)...
Fetching villages for Bantarsari (330120)...
Fetching villages for Cilacap Selatan (330121)...
Fetching villages for Cilacap Tengah (330122)...
Fetching villages for Cilacap Utara (330123)...
Fetching villages for Kampung Laut (330124)...
Fetching villages for Lumbir (330201)...
Fetching villages for Wangon (330202)...
Fetching villages for Jatilawang (330203)...
Fetching villages for Rawalo (330204)...
Fetching villages for Kebasen (330205)...
Fetching villages for Kemranjen (330206)...
Fetching villages for Sumpiuh (330207)...
Fetching villages for Tambak (330208)...
Fetching villages for Somagede (330209)...
Fetching villages for Kalibagor (330210)...
Fetching villages for Banyumas (330211)...
Fetching villages for Patikraja (330212)...
Fetching villages for Purwojati (330213)...
Fetching villages for Ajibarang (330214)...
Fetching villages for Gumelar (330215)...
Fetching villages for Pekuncen (330216)...
Fetching villages for Cilongok (330217)...
Fetching villages for Karanglewas (330218)...
Fetching villages for Sokaraja (330219)...
Fetching villages for Kembaran (330220)...
Fetching villages for Sumbang (330221)...
Fetching villages for Baturraden (330222)...
Fetching villages for Kedungbanteng (330223)...
Fetching villages for Purwokerto Selatan (330224)...
Fetching villages for Purwokerto Barat (330225)...
Fetching villages for Purwokerto Timur (330226)...
Fetching villages for Purwokerto Utara (330227)...
Fetching villages for Kemangkon (330301)...
Fetching villages for Bukateja (330302)...
Fetching villages for Kejobong (330303)...
Fetching villages for Kaligondang (330304)...
Fetching villages for Purbalingga (330305)...
Fetching villages for Kalimanah (330306)...
Fetching villages for Kutasari (330307)...
Fetching villages for Mrebet (330308)...
Fetching villages for Bobotsari (330309)...
Fetching villages for Karangreja (330310)...
Fetching villages for Karanganyar (330311)...
Fetching villages for Karangmoncol (330312)...
Fetching villages for Rembang (330313)...
Fetching villages for Bojongsari (330314)...
Fetching villages for Padamara (330315)...
Fetching villages for Pengadegan (330316)...
Fetching villages for Karangjambu (330317)...
Fetching villages for Kertanegara (330318)...
Fetching villages for Susukan (330401)...
Fetching villages for Purworeja Klampok (330402)...
Fetching villages for Mandiraja (330403)...
Fetching villages for Purwanegara (330404)...
Fetching villages for Bawang (330405)...
Fetching villages for Banjarnegara (330406)...
Fetching villages for Sigaluh (330407)...
Fetching villages for Madukara (330408)...
Fetching villages for Banjarmangu (330409)...
Fetching villages for Wanadadi (330410)...
Fetching villages for Rakit (330411)...
Fetching villages for Punggelan (330412)...
Fetching villages for Karangkobar (330413)...
Fetching villages for Pagentan (330414)...
Fetching villages for Pejawaran (330415)...
Fetching villages for Batur (330416)...
Fetching villages for Wanayasa (330417)...
Fetching villages for Kalibening (330418)...
Fetching villages for Pandanarum (330419)...
Fetching villages for Pagedongan (330420)...
Fetching villages for Ayah (330501)...
Fetching villages for Buayan (330502)...
Fetching villages for Puring (330503)...
Fetching villages for Petanahan (330504)...
Fetching villages for Klirong (330505)...
Fetching villages for Buluspesantren (330506)...
Fetching villages for Ambal (330507)...
Fetching villages for Mirit (330508)...
Fetching villages for Prembun (330509)...
Fetching villages for Kutowinangun (330510)...
Fetching villages for Alian (330511)...
Fetching villages for Kebumen (330512)...
Fetching villages for Pejagoan (330513)...
Fetching villages for Sruweng (330514)...
Fetching villages for Adimulyo (330515)...
Fetching villages for Kuwarasan (330516)...
Fetching villages for Rowokele (330517)...
Fetching villages for Sempor (330518)...
Fetching villages for Gombong (330519)...
Fetching villages for Karanganyar (330520)...
Fetching villages for Karanggayam (330521)...
Fetching villages for Sadang (330522)...
Fetching villages for Bonorowo (330523)...
Fetching villages for Padureso (330524)...
Fetching villages for Poncowarno (330525)...
Fetching villages for Karangsambung (330526)...
Fetching villages for Grabag (330601)...
Fetching villages for Ngombol (330602)...
Fetching villages for Purwodadi (330603)...
Fetching villages for Bagelen (330604)...
Fetching villages for Kaligesing (330605)...
Fetching villages for Purworejo (330606)...
Fetching villages for Banyuurip (330607)...
Fetching villages for Bayan (330608)...
Fetching villages for Kutoarjo (330609)...
Fetching villages for Butuh (330610)...
Fetching villages for Pituruh (330611)...
Fetching villages for Kemiri (330612)...
Fetching villages for Bruno (330613)...
Fetching villages for Gebang (330614)...
Fetching villages for Loano (330615)...
Fetching villages for Bener (330616)...
Fetching villages for Wadaslintang (330701)...
Fetching villages for Kepil (330702)...
Fetching villages for Sapuran (330703)...
Fetching villages for Kaliwiro (330704)...
Fetching villages for Leksono (330705)...
Fetching villages for Selomerto (330706)...
Fetching villages for Kalikajar (330707)...
Fetching villages for Kertek (330708)...
Fetching villages for Wonosobo (330709)...
Fetching villages for Watumalang (330710)...
Fetching villages for Mojotengah (330711)...
Fetching villages for Garung (330712)...
Fetching villages for Kejajar (330713)...
Fetching villages for Sukoharjo (330714)...
Fetching villages for Kalibawang (330715)...
Fetching villages for Salaman (330801)...
Fetching villages for Borobudur (330802)...
Fetching villages for Ngluwar (330803)...
Fetching villages for Salam (330804)...
Fetching villages for Srumbung (330805)...
Fetching villages for Dukun (330806)...
Fetching villages for Sawangan (330807)...
Fetching villages for Muntilan (330808)...
Fetching villages for Mungkid (330809)...
Fetching villages for Mertoyudan (330810)...
Fetching villages for Tempuran (330811)...
Fetching villages for Kajoran (330812)...
Fetching villages for Kaliangkrik (330813)...
Fetching villages for Bandongan (330814)...
Fetching villages for Candimulyo (330815)...
Fetching villages for Pakis (330816)...
Fetching villages for Ngablak (330817)...
Fetching villages for Grabag (330818)...
Fetching villages for Tegalrejo (330819)...
Fetching villages for Secang (330820)...
Fetching villages for Windusari (330821)...
Fetching villages for Selo (330901)...
Fetching villages for Ampel (330902)...
Fetching villages for Cepogo (330903)...
Fetching villages for Musuk (330904)...
Fetching villages for Boyolali (330905)...
Fetching villages for Mojosongo (330906)...
Fetching villages for Teras (330907)...
Fetching villages for Sawit (330908)...
Fetching villages for Banyudono (330909)...
Fetching villages for Sambi (330910)...
Fetching villages for Ngemplak (330911)...
Fetching villages for Nogosari (330912)...
Fetching villages for Simo (330913)...
Fetching villages for Karanggede (330914)...
Fetching villages for Klego (330915)...
Fetching villages for Andong (330916)...
Fetching villages for Kemusu (330917)...
Fetching villages for Wonosegoro (330918)...
Fetching villages for Juwangi (330919)...
Fetching villages for Gladagsari (330920)...
Fetching villages for Tamansari (330921)...
Fetching villages for Wonosamodro (330922)...
Fetching villages for Prambanan (331001)...
Fetching villages for Gantiwarno (331002)...
Fetching villages for Wedi (331003)...
Fetching villages for Bayat (331004)...
Fetching villages for Cawas (331005)...
Fetching villages for Trucuk (331006)...
Fetching villages for Kebonarum (331007)...
Fetching villages for Jogonalan (331008)...
Fetching villages for Manisrenggo (331009)...
Fetching villages for Karangnongko (331010)...
Fetching villages for Ceper (331011)...
Fetching villages for Pedan (331012)...
Fetching villages for Karangdowo (331013)...
Fetching villages for Juwiring (331014)...
Fetching villages for Wonosari (331015)...
Fetching villages for Delanggu (331016)...
Fetching villages for Polanharjo (331017)...
Fetching villages for Karanganom (331018)...
Fetching villages for Tulung (331019)...
Fetching villages for Jatinom (331020)...
Fetching villages for Kemalang (331021)...
Fetching villages for Ngawen (331022)...
Fetching villages for Kalikotes (331023)...
Fetching villages for Klaten Utara (331024)...
Fetching villages for Klaten Tengah (331025)...
Fetching villages for Klaten Selatan (331026)...
Fetching villages for Weru (331101)...
Fetching villages for Bulu (331102)...
Fetching villages for Tawangsari (331103)...
Fetching villages for Sukoharjo (331104)...
Fetching villages for Nguter (331105)...
Fetching villages for Bendosari (331106)...
Fetching villages for Polokarto (331107)...
Fetching villages for Mojolaban (331108)...
Fetching villages for Grogol (331109)...
Fetching villages for Baki (331110)...
Fetching villages for Gatak (331111)...
Fetching villages for Kartasura (331112)...
Fetching villages for Pracimantoro (331201)...
Fetching villages for Giritontro (331202)...
Fetching villages for Giriwoyo (331203)...
Fetching villages for Batuwarno (331204)...
Fetching villages for Tirtomoyo (331205)...
Fetching villages for Nguntoronadi (331206)...
Fetching villages for Baturetno (331207)...
Fetching villages for Eromoko (331208)...
Fetching villages for Wuryantoro (331209)...
Fetching villages for Manyaran (331210)...
Fetching villages for Selogiri (331211)...
Fetching villages for Wonogiri (331212)...
Fetching villages for Ngadirojo (331213)...
Fetching villages for Sidoharjo (331214)...
Fetching villages for Jatiroto (331215)...
Fetching villages for Kismantoro (331216)...
Fetching villages for Purwantoro (331217)...
Fetching villages for Bulukerto (331218)...
Fetching villages for Slogohimo (331219)...
Fetching villages for Jatisrono (331220)...
Fetching villages for Jatipurno (331221)...
Fetching villages for Girimarto (331222)...
Fetching villages for Karangtengah (331223)...
Fetching villages for Paranggupito (331224)...
Fetching villages for Puhpelem (331225)...
Fetching villages for Jatipuro (331301)...
Fetching villages for Jatiyoso (331302)...
Fetching villages for Jumapolo (331303)...
Fetching villages for Jumantono (331304)...
Fetching villages for Matesih (331305)...
Fetching villages for Tawangmangu (331306)...
Fetching villages for Ngargoyoso (331307)...
Fetching villages for Karangpandan (331308)...
Fetching villages for Karanganyar (331309)...
Fetching villages for Tasikmadu (331310)...
Fetching villages for Jaten (331311)...
Fetching villages for Colomadu (331312)...
Fetching villages for Gondangrejo (331313)...
Fetching villages for Kebakkramat (331314)...
Fetching villages for Mojogedang (331315)...
Fetching villages for Kerjo (331316)...
Fetching villages for Jenawi (331317)...
Fetching villages for Kalijambe (331401)...
Fetching villages for Plupuh (331402)...
Fetching villages for Masaran (331403)...
Fetching villages for Kedawung (331404)...
Fetching villages for Sambirejo (331405)...
Fetching villages for Gondang (331406)...
Fetching villages for Sambungmacan (331407)...
Fetching villages for Ngrampal (331408)...
Fetching villages for Karangmalang (331409)...
Fetching villages for Sragen (331410)...
Fetching villages for Sidoharjo (331411)...
Fetching villages for Tanon (331412)...
Fetching villages for Gemolong (331413)...
Fetching villages for Miri (331414)...
Fetching villages for Sumberlawang (331415)...
Fetching villages for Mondokan (331416)...
Fetching villages for Sukodono (331417)...
Fetching villages for Gesi (331418)...
Fetching villages for Tangen (331419)...
Fetching villages for Jenar (331420)...
Fetching villages for Kedungjati (331501)...
Fetching villages for Karangrayung (331502)...
Fetching villages for Penawangan (331503)...
Fetching villages for Toroh (331504)...
Fetching villages for Geyer (331505)...
Fetching villages for Pulokulon (331506)...
Fetching villages for Kradenan (331507)...
Fetching villages for Gabus (331508)...
Fetching villages for Ngaringan (331509)...
Fetching villages for Wirosari (331510)...
Fetching villages for Tawangharjo (331511)...
Fetching villages for Grobogan (331512)...
Fetching villages for Purwodadi (331513)...
Fetching villages for Brati (331514)...
Fetching villages for Klambu (331515)...
Fetching villages for Godong (331516)...
Fetching villages for Gubug (331517)...
Fetching villages for Tegowanu (331518)...
Fetching villages for Tanggungharjo (331519)...
Fetching villages for Jati (331601)...
Fetching villages for Randublatung (331602)...
Fetching villages for Kradenan (331603)...
Fetching villages for Kedungtuban (331604)...
Fetching villages for Cepu (331605)...
Fetching villages for Sambong (331606)...
Fetching villages for Jiken (331607)...
Fetching villages for Jepon (331608)...
Fetching villages for Blora (331609)...
Fetching villages for Tunjungan (331610)...
Fetching villages for Banjarejo (331611)...
Fetching villages for Ngawen (331612)...
Fetching villages for Kunduran (331613)...
Fetching villages for Todanan (331614)...
Fetching villages for Bogorejo (331615)...
Fetching villages for Japah (331616)...
Fetching villages for Sumber (331701)...
Fetching villages for Bulu (331702)...
Fetching villages for Gunem (331703)...
Fetching villages for Sale (331704)...
Fetching villages for Sarang (331705)...
Fetching villages for Sedan (331706)...
Fetching villages for Pamotan (331707)...
Fetching villages for Sulang (331708)...
Fetching villages for Kaliori (331709)...
Fetching villages for Rembang (331710)...
Fetching villages for Pancur (331711)...
Fetching villages for Kragan (331712)...
Fetching villages for Sluke (331713)...
Fetching villages for Lasem (331714)...
Fetching villages for Sukolilo (331801)...
Fetching villages for Kayen (331802)...
Fetching villages for Tambakromo (331803)...
Fetching villages for Winong (331804)...
Fetching villages for Pucakwangi (331805)...
Fetching villages for Jaken (331806)...
Fetching villages for Batangan (331807)...
Fetching villages for Juwana (331808)...
Fetching villages for Jakenan (331809)...
Fetching villages for Pati (331810)...
Fetching villages for Gabus (331811)...
Fetching villages for Margorejo (331812)...
Fetching villages for Gembong (331813)...
Fetching villages for Tlogowungu (331814)...
Fetching villages for Wedarijaksa (331815)...
Fetching villages for Margoyoso (331816)...
Fetching villages for Gunungwungkal (331817)...
Fetching villages for Cluwak (331818)...
Fetching villages for Tayu (331819)...
Fetching villages for Dukuhseti (331820)...
Fetching villages for Trangkil (331821)...
Fetching villages for Kaliwungu (331901)...
Fetching villages for Kota Kudus (331902)...
Fetching villages for Jati (331903)...
Fetching villages for Undaan (331904)...
Fetching villages for Mejobo (331905)...
Fetching villages for Jekulo (331906)...
Fetching villages for Bae (331907)...
Fetching villages for Gebog (331908)...
Fetching villages for Dawe (331909)...
Fetching villages for Kedung (332001)...
Fetching villages for Pecangaan (332002)...
Fetching villages for Welahan (332003)...
Fetching villages for Mayong (332004)...
Fetching villages for Batealit (332005)...
Fetching villages for Jepara (332006)...
Fetching villages for Mlonggo (332007)...
Fetching villages for Bangsri (332008)...
Fetching villages for Keling (332009)...
Fetching villages for Karimun Jawa (332010)...
Fetching villages for Tahunan (332011)...
Fetching villages for Nalumsari (332012)...
Fetching villages for Kalinyamatan (332013)...
Fetching villages for Kembang (332014)...
Fetching villages for Pakis Aji (332015)...
Fetching villages for Donorojo (332016)...
Fetching villages for Mranggen (332101)...
Fetching villages for Karangawen (332102)...
Fetching villages for Guntur (332103)...
Fetching villages for Sayung (332104)...
Fetching villages for Karangtengah (332105)...
Fetching villages for Wonosalam (332106)...
Fetching villages for Dempet (332107)...
Fetching villages for Gajah (332108)...
Fetching villages for Karanganyar (332109)...
Fetching villages for Mijen (332110)...
Fetching villages for Demak (332111)...
Fetching villages for Bonang (332112)...
Fetching villages for Wedung (332113)...
Fetching villages for Kebonagung (332114)...
Fetching villages for Getasan (332201)...
Fetching villages for Tengaran (332202)...
Fetching villages for Susukan (332203)...
Fetching villages for Suruh (332204)...
Fetching villages for Pabelan (332205)...
Fetching villages for Tuntang (332206)...
Fetching villages for Banyubiru (332207)...
Fetching villages for Jambu (332208)...
Fetching villages for Sumowono (332209)...
Fetching villages for Ambarawa (332210)...
Fetching villages for Bawen (332211)...
Fetching villages for Bringin (332212)...
Fetching villages for Bergas (332213)...
Fetching villages for Pringapus (332215)...
Fetching villages for Bancak (332216)...
Fetching villages for Kaliwungu (332217)...
Fetching villages for Ungaran Barat (332218)...
Fetching villages for Ungaran Timur (332219)...
Fetching villages for Bandungan (332220)...
Fetching villages for Bulu (332301)...
Fetching villages for Tembarak (332302)...
Fetching villages for Temanggung (332303)...
Fetching villages for Pringsurat (332304)...
Fetching villages for Kaloran (332305)...
Fetching villages for Kandangan (332306)...
Fetching villages for Kedu (332307)...
Fetching villages for Parakan (332308)...
Fetching villages for Ngadirejo (332309)...
Fetching villages for Jumo (332310)...
Fetching villages for Tretep (332311)...
Fetching villages for Candiroto (332312)...
Fetching villages for Kranggan (332313)...
Fetching villages for Tlogomulyo (332314)...
Fetching villages for Selopampang (332315)...
Fetching villages for Bansari (332316)...
Fetching villages for Kledung (332317)...
Fetching villages for Bejen (332318)...
Fetching villages for Wonoboyo (332319)...
Fetching villages for Gemawang (332320)...
Fetching villages for Plantungan (332401)...
Fetching villages for Pageruyung (332402)...
Fetching villages for Sukorejo (332403)...
Fetching villages for Patean (332404)...
Fetching villages for Singorojo (332405)...
Fetching villages for Limbangan (332406)...
Fetching villages for Boja (332407)...
Fetching villages for Kaliwungu (332408)...
Fetching villages for Brangsong (332409)...
Fetching villages for Pegandon (332410)...
Fetching villages for Gemuh (332411)...
Fetching villages for Weleri (332412)...
Fetching villages for Cepiring (332413)...
Fetching villages for Patebon (332414)...
Fetching villages for Kendal (332415)...
Fetching villages for Rowosari (332416)...
Fetching villages for Kangkung (332417)...
Fetching villages for Ringinarum (332418)...
Fetching villages for Ngampel (332419)...
Fetching villages for Kaliwungu Selatan (332420)...
Fetching villages for Wonotunggal (332501)...
Fetching villages for Bandar (332502)...
Fetching villages for Blado (332503)...
Fetching villages for Reban (332504)...
Fetching villages for Bawang (332505)...
Fetching villages for Tersono (332506)...
Fetching villages for Gringsing (332507)...
Fetching villages for Limpung (332508)...
Fetching villages for Subah (332509)...
Fetching villages for Tulis (332510)...
Fetching villages for Batang (332511)...
Fetching villages for Warungasem (332512)...
Fetching villages for Kandeman (332513)...
Fetching villages for Pecalungan (332514)...
Fetching villages for Banyuputih (332515)...
Fetching villages for Kandangserang (332601)...
Fetching villages for Paninggaran (332602)...
Fetching villages for Lebakbarang (332603)...
Fetching villages for Petungkriyono (332604)...
Fetching villages for Talun (332605)...
Fetching villages for Doro (332606)...
Fetching villages for Karanganyar (332607)...
Fetching villages for Kajen (332608)...
Fetching villages for Kesesi (332609)...
Fetching villages for Sragi (332610)...
Fetching villages for Bojong (332611)...
Fetching villages for Wonopringgo (332612)...
Fetching villages for Kedungwuni (332613)...
Fetching villages for Buaran (332614)...
Fetching villages for Tirto (332615)...
Fetching villages for Wiradesa (332616)...
Fetching villages for Siwalan (332617)...
Fetching villages for Karangdadap (332618)...
Fetching villages for Wonokerto (332619)...
Fetching villages for Moga (332701)...
Fetching villages for Pulosari (332702)...
Fetching villages for Belik (332703)...
Fetching villages for Watukumpul (332704)...
Fetching villages for Bodeh (332705)...
Fetching villages for Bantarbolang (332706)...
Fetching villages for Randudongkal (332707)...
Fetching villages for Pemalang (332708)...
Fetching villages for Taman (332709)...
Fetching villages for Petarukan (332710)...
Fetching villages for Ampelgading (332711)...
Fetching villages for Comal (332712)...
Fetching villages for Ulujami (332713)...
Fetching villages for Warungpring (332714)...
Fetching villages for Margasari (332801)...
Fetching villages for Bumijawa (332802)...
Fetching villages for Bojong (332803)...
Fetching villages for Balapulang (332804)...
Fetching villages for Pagerbarang (332805)...
Fetching villages for Lebaksiu (332806)...
Fetching villages for Jatinegara (332807)...
Fetching villages for Kedungbanteng (332808)...
Fetching villages for Pangkah (332809)...
Fetching villages for Slawi (332810)...
Fetching villages for Adiwerna (332811)...
Fetching villages for Talang (332812)...
Fetching villages for Dukuhturi (332813)...
Fetching villages for Tarub (332814)...
Fetching villages for Kramat (332815)...
Fetching villages for Suradadi (332816)...
Fetching villages for Warureja (332817)...
Fetching villages for Dukuhwaru (332818)...
Fetching villages for Salem (332901)...
Fetching villages for Bantarkawung (332902)...
Fetching villages for Bumiayu (332903)...
Fetching villages for Paguyangan (332904)...
Fetching villages for Sirampog (332905)...
Fetching villages for Tonjong (332906)...
Fetching villages for Jatibarang (332907)...
Fetching villages for Wanasari (332908)...
Fetching villages for Brebes (332909)...
Fetching villages for Songgom (332910)...
Fetching villages for Kersana (332911)...
Fetching villages for Losari (332912)...
Fetching villages for Tanjung (332913)...
Fetching villages for Bulakamba (332914)...
Fetching villages for Larangan (332915)...
Fetching villages for Ketanggungan (332916)...
Fetching villages for Banjarharjo (332917)...
Fetching villages for Magelang Selatan (337101)...
Fetching villages for Magelang Utara (337102)...
Fetching villages for Magelang Tengah (337103)...
Fetching villages for Laweyan (337201)...
Fetching villages for Serengan (337202)...
Fetching villages for Pasar Kliwon (337203)...
Fetching villages for Jebres (337204)...
Fetching villages for Banjarsari (337205)...
Fetching villages for Sidorejo (337301)...
Fetching villages for Tingkir (337302)...
Fetching villages for Argomulyo (337303)...
Fetching villages for Sidomukti (337304)...
Fetching villages for Semarang Tengah (337401)...
Fetching villages for Semarang Utara (337402)...
Fetching villages for Semarang Timur (337403)...
Fetching villages for Gayamsari (337404)...
Fetching villages for Genuk (337405)...
Fetching villages for Pedurungan (337406)...
Fetching villages for Semarang Selatan (337407)...
Fetching villages for Candisari (337408)...
Fetching villages for Gajahmungkur (337409)...
Fetching villages for Tembalang (337410)...
Fetching villages for Banyumanik (337411)...
Fetching villages for Gunungpati (337412)...
Fetching villages for Semarang Barat (337413)...
Fetching villages for Mijen (337414)...
Fetching villages for Ngaliyan (337415)...
Fetching villages for Tugu (337416)...
Fetching villages for Pekalongan Barat (337501)...
Fetching villages for Pekalongan Timur (337502)...
Fetching villages for Pekalongan Utara (337503)...
Fetching villages for Pekalongan Selatan (337504)...
Fetching villages for Tegal Barat (337601)...
Fetching villages for Tegal Timur (337602)...
Fetching villages for Tegal Selatan (337603)...
Fetching villages for Margadana (337604)...
Fetching villages for Temon (340101)...
Fetching villages for Wates (340102)...
Fetching villages for Panjatan (340103)...
Fetching villages for Galur (340104)...
Fetching villages for Lendah (340105)...
Fetching villages for Sentolo (340106)...
Fetching villages for Pengasih (340107)...
Fetching villages for Kokap (340108)...
Fetching villages for Girimulyo (340109)...
Fetching villages for Nanggulan (340110)...
Fetching villages for Samigaluh (340111)...
Fetching villages for Kalibawang (340112)...
Fetching villages for Srandakan (340201)...
Fetching villages for Sanden (340202)...
Fetching villages for Kretek (340203)...
Fetching villages for Pundong (340204)...
Fetching villages for Bambanglipuro (340205)...
Fetching villages for Pandak (340206)...
Fetching villages for Pajangan (340207)...
Fetching villages for Bantul (340208)...
Fetching villages for Jetis (340209)...
Fetching villages for Imogiri (340210)...
Fetching villages for Dlingo (340211)...
Fetching villages for Banguntapan (340212)...
Fetching villages for Pleret (340213)...
Fetching villages for Piyungan (340214)...
Fetching villages for Sewon (340215)...
Fetching villages for Kasihan (340216)...
Fetching villages for Sedayu (340217)...
Fetching villages for Wonosari (340301)...
Fetching villages for Nglipar (340302)...
Fetching villages for Playen (340303)...
Fetching villages for Patuk (340304)...
Fetching villages for Paliyan (340305)...
Fetching villages for Panggang (340306)...
Fetching villages for Tepus (340307)...
Fetching villages for Semanu (340308)...
Fetching villages for Karangmojo (340309)...
Fetching villages for Ponjong (340310)...
Fetching villages for Rongkop (340311)...
Fetching villages for Semin (340312)...
Fetching villages for Ngawen (340313)...
Fetching villages for Gedangsari (340314)...
Fetching villages for Saptosari (340315)...
Fetching villages for Girisubo (340316)...
Fetching villages for Tanjungsari (340317)...
Fetching villages for Purwosari (340318)...
Fetching villages for Gamping (340401)...
Fetching villages for Godean (340402)...
Fetching villages for Moyudan (340403)...
Fetching villages for Minggir (340404)...
Fetching villages for Seyegan (340405)...
Fetching villages for Mlati (340406)...
Fetching villages for Depok (340407)...
Fetching villages for Berbah (340408)...
Fetching villages for Prambanan (340409)...
Fetching villages for Kalasan (340410)...
Fetching villages for Ngemplak (340411)...
Fetching villages for Ngaglik (340412)...
Fetching villages for Sleman (340413)...
Fetching villages for Tempel (340414)...
Fetching villages for Turi (340415)...
Fetching villages for Pakem (340416)...
Fetching villages for Cangkringan (340417)...
Fetching villages for Tegalrejo (347101)...
Fetching villages for Jetis (347102)...
Fetching villages for Gondokusuman (347103)...
Fetching villages for Danurejan (347104)...
Fetching villages for Gedongtengen (347105)...
Fetching villages for Ngampilan (347106)...
Fetching villages for Wirobrajan (347107)...
Fetching villages for Mantrijeron (347108)...
Fetching villages for Kraton (347109)...
Fetching villages for Gondomanan (347110)...
Fetching villages for Pakualaman (347111)...
Fetching villages for Mergangsan (347112)...
Fetching villages for Umbulharjo (347113)...
Fetching villages for Kotagede (347114)...
Fetching villages for Donorojo (350101)...
Fetching villages for Pringkuku (350102)...
Fetching villages for Punung (350103)...
Fetching villages for Pacitan (350104)...
Fetching villages for Kebonagung (350105)...
Fetching villages for Arjosari (350106)...
Fetching villages for Nawangan (350107)...
Fetching villages for Bandar (350108)...
Fetching villages for Tegalombo (350109)...
Fetching villages for Tulakan (350110)...
Fetching villages for Ngadirojo (350111)...
Fetching villages for Sudimoro (350112)...
Fetching villages for Slahung (350201)...
Fetching villages for Ngrayun (350202)...
Fetching villages for Bungkal (350203)...
Fetching villages for Sambit (350204)...
Fetching villages for Sawoo (350205)...
Fetching villages for Sooko (350206)...
Fetching villages for Pulung (350207)...
Fetching villages for Mlarak (350208)...
Fetching villages for Jetis (350209)...
Fetching villages for Siman (350210)...
Fetching villages for Balong (350211)...
Fetching villages for Kauman (350212)...
Fetching villages for Badegan (350213)...
Fetching villages for Sampung (350214)...
Fetching villages for Sukorejo (350215)...
Fetching villages for Babadan (350216)...
Fetching villages for Ponorogo (350217)...
Fetching villages for Jenangan (350218)...
Fetching villages for Ngebel (350219)...
Fetching villages for Jambon (350220)...
Fetching villages for Pudak (350221)...
Fetching villages for Panggul (350301)...
Fetching villages for Munjungan (350302)...
Fetching villages for Pule (350303)...
Fetching villages for Dongko (350304)...
Fetching villages for Tugu (350305)...
Fetching villages for Karangan (350306)...
Fetching villages for Kampak (350307)...
Fetching villages for Watulimo (350308)...
Fetching villages for Bendungan (350309)...
Fetching villages for Gandusari (350310)...
Fetching villages for Trenggalek (350311)...
Fetching villages for Pogalan (350312)...
Fetching villages for Durenan (350313)...
Fetching villages for Suruh (350314)...
Fetching villages for Tulungagung (350401)...
Fetching villages for Boyolangu (350402)...
Fetching villages for Kedungwaru (350403)...
Fetching villages for Ngantru (350404)...
Fetching villages for Kauman (350405)...
Fetching villages for Pagerwojo (350406)...
Fetching villages for Sendang (350407)...
Fetching villages for Karangrejo (350408)...
Fetching villages for Gondang (350409)...
Fetching villages for Sumbergempol (350410)...
Fetching villages for Ngunut (350411)...
Fetching villages for Pucanglaban (350412)...
Fetching villages for Rejotangan (350413)...
Fetching villages for Kalidawir (350414)...
Fetching villages for Besuki (350415)...
Fetching villages for Campurdarat (350416)...
Fetching villages for Bandung (350417)...
Fetching villages for Pakel (350418)...
Fetching villages for Tanggunggunung (350419)...
Fetching villages for Wonodadi (350501)...
Fetching villages for Udanawu (350502)...
Fetching villages for Srengat (350503)...
Fetching villages for Kademangan (350504)...
Fetching villages for Bakung (350505)...
Fetching villages for Ponggok (350506)...
Fetching villages for Sanankulon (350507)...
Fetching villages for Wonotirto (350508)...
Fetching villages for Nglegok (350509)...
Fetching villages for Kanigoro (350510)...
Fetching villages for Garum (350511)...
Fetching villages for Sutojayan (350512)...
Fetching villages for Panggungrejo (350513)...
Fetching villages for Talun (350514)...
Fetching villages for Gandusari (350515)...
Fetching villages for Binangun (350516)...
Fetching villages for Wlingi (350517)...
Fetching villages for Doko (350518)...
Fetching villages for Kesamben (350519)...
Fetching villages for Wates (350520)...
Fetching villages for Selorejo (350521)...
Fetching villages for Selopuro (350522)...
Fetching villages for Semen (350601)...
Fetching villages for Mojo (350602)...
Fetching villages for Kras (350603)...
Fetching villages for Ngadiluwih (350604)...
Fetching villages for Kandat (350605)...
Fetching villages for Wates (350606)...
Fetching villages for Ngancar (350607)...
Fetching villages for Puncu (350608)...
Fetching villages for Plosoklaten (350609)...
Fetching villages for Gurah (350610)...
Fetching villages for Pagu (350611)...
Fetching villages for Gampengrejo (350612)...
Fetching villages for Grogol (350613)...
Fetching villages for Papar (350614)...
Fetching villages for Purwoasri (350615)...
Fetching villages for Plemahan (350616)...
Fetching villages for Pare (350617)...
Fetching villages for Kepung (350618)...
Fetching villages for Kandangan (350619)...
Fetching villages for Tarokan (350620)...
Fetching villages for Kunjang (350621)...
Fetching villages for Banyakan (350622)...
Fetching villages for Ringinrejo (350623)...
Fetching villages for Kayen Kidul (350624)...
Fetching villages for Ngasem (350625)...
Fetching villages for Badas (350626)...
Fetching villages for Donomulyo (350701)...
Fetching villages for Pagak (350702)...
Fetching villages for Bantur (350703)...
Fetching villages for Sumbermanjing Wetan (350704)...
Fetching villages for Dampit (350705)...
Fetching villages for Ampelgading (350706)...
Fetching villages for Poncokusumo (350707)...
Fetching villages for Wajak (350708)...
Fetching villages for Turen (350709)...
Fetching villages for Gondanglegi (350710)...
Fetching villages for Kalipare (350711)...
Fetching villages for Sumberpucung (350712)...
Fetching villages for Kepanjen (350713)...
Fetching villages for Bululawang (350714)...
Fetching villages for Tajinan (350715)...
Fetching villages for Tumpang (350716)...
Fetching villages for Jabung (350717)...
Fetching villages for Pakis (350718)...
Fetching villages for Pakisaji (350719)...
Fetching villages for Ngajum (350720)...
Fetching villages for Wagir (350721)...
Fetching villages for Dau (350722)...
Fetching villages for Karang Ploso (350723)...
Fetching villages for Singosari (350724)...
Fetching villages for Lawang (350725)...
Fetching villages for Pujon (350726)...
Fetching villages for Ngantang (350727)...
Fetching villages for Kasembon (350728)...
Fetching villages for Gedangan (350729)...
Fetching villages for Tirtoyudo (350730)...
Fetching villages for Kromengan (350731)...
Fetching villages for Wonosari (350732)...
Fetching villages for Pagelaran (350733)...
Fetching villages for Tempursari (350801)...
Fetching villages for Pronojiwo (350802)...
Fetching villages for Candipuro (350803)...
Fetching villages for Pasirian (350804)...
Fetching villages for Tempeh (350805)...
Fetching villages for Kunir (350806)...
Fetching villages for Yosowilangun (350807)...
Fetching villages for Rowokangkung (350808)...
Fetching villages for Tekung (350809)...
Fetching villages for Lumajang (350810)...
Fetching villages for Pasrujambe (350811)...
Fetching villages for Senduro (350812)...
Fetching villages for Gucialit (350813)...
Fetching villages for Padang (350814)...
Fetching villages for Sukodono (350815)...
Fetching villages for Kedungjajang (350816)...
Fetching villages for Jatiroto (350817)...
Fetching villages for Randuagung (350818)...
Fetching villages for Klakah (350819)...
Fetching villages for Ranuyoso (350820)...
Fetching villages for Sumbersuko (350821)...
Fetching villages for Jombang (350901)...
Fetching villages for Kencong (350902)...
Fetching villages for Sumberbaru (350903)...
Fetching villages for Gumukmas (350904)...
Fetching villages for Umbulsari (350905)...
Fetching villages for Tanggul (350906)...
Fetching villages for Semboro (350907)...
Fetching villages for Puger (350908)...
Fetching villages for Bangsalsari (350909)...
Fetching villages for Balung (350910)...
Fetching villages for Wuluhan (350911)...
Fetching villages for Ambulu (350912)...
Fetching villages for Rambipuji (350913)...
Fetching villages for Panti (350914)...
Fetching villages for Sukorambi (350915)...
Fetching villages for Jenggawah (350916)...
Fetching villages for Ajung (350917)...
Fetching villages for Tempurejo (350918)...
Fetching villages for Kaliwates (350919)...
Fetching villages for Patrang (350920)...
Fetching villages for Sumbersari (350921)...
Fetching villages for Arjasa (350922)...
Fetching villages for Mumbulsari (350923)...
Fetching villages for Pakusari (350924)...
Fetching villages for Jelbuk (350925)...
Fetching villages for Mayang (350926)...
Fetching villages for Kalisat (350927)...
Fetching villages for Ledokombo (350928)...
Fetching villages for Sukowono (350929)...
Fetching villages for Silo (350930)...
Fetching villages for Sumberjambe (350931)...
Fetching villages for Pesanggaran (351001)...
Fetching villages for Bangorejo (351002)...
Fetching villages for Purwoharjo (351003)...
Fetching villages for Tegaldlimo (351004)...
Fetching villages for Muncar (351005)...
Fetching villages for Cluring (351006)...
Fetching villages for Gambiran (351007)...
Fetching villages for Srono (351008)...
Fetching villages for Genteng (351009)...
Fetching villages for Glenmore (351010)...
Fetching villages for Kalibaru (351011)...
Fetching villages for Singojuruh (351012)...
Fetching villages for Rogojampi (351013)...
Fetching villages for Kabat (351014)...
Fetching villages for Glagah (351015)...
Fetching villages for Banyuwangi (351016)...
Fetching villages for Giri (351017)...
Fetching villages for Wongsorejo (351018)...
Fetching villages for Songgon (351019)...
Fetching villages for Sempu (351020)...
Fetching villages for Kalipuro (351021)...
Fetching villages for Siliragung (351022)...
Fetching villages for Tegalsari (351023)...
Fetching villages for Licin (351024)...
Fetching villages for Blimbingsari (351025)...
Fetching villages for Maesan (351101)...
Fetching villages for Tamanan (351102)...
Fetching villages for Tlogosari (351103)...
Fetching villages for Sukosari (351104)...
Fetching villages for Pujer (351105)...
Fetching villages for Grujugan (351106)...
Fetching villages for Curahdami (351107)...
Fetching villages for Tenggarang (351108)...
Fetching villages for Wonosari (351109)...
Fetching villages for Tapen (351110)...
Fetching villages for Bondowoso (351111)...
Fetching villages for Wringin (351112)...
Fetching villages for Tegalampel (351113)...
Fetching villages for Klabang (351114)...
Fetching villages for Cermee (351115)...
Fetching villages for Prajekan (351116)...
Fetching villages for Pakem (351117)...
Fetching villages for Sumberwringin (351118)...
Fetching villages for Sempol (351119)...
Fetching villages for Binakal (351120)...
Fetching villages for Taman Krocok (351121)...
Fetching villages for Botolinggo (351122)...
Fetching villages for Jambesari Darus Sholah (351123)...
Fetching villages for Jatibanteng (351201)...
Fetching villages for Besuki (351202)...
Fetching villages for Suboh (351203)...
Fetching villages for Mlandingan (351204)...
Fetching villages for Kendit (351205)...
Fetching villages for Panarukan (351206)...
Fetching villages for Situbondo (351207)...
Fetching villages for Panji (351208)...
Fetching villages for Mangaran (351209)...
Fetching villages for Kapongan (351210)...
Fetching villages for Arjasa (351211)...
Fetching villages for Jangkar (351212)...
Fetching villages for Asembagus (351213)...
Fetching villages for Banyuputih (351214)...
Fetching villages for Sumbermalang (351215)...
Fetching villages for Banyuglugur (351216)...
Fetching villages for Bungatan (351217)...
Fetching villages for Sukapura (351301)...
Fetching villages for Sumber (351302)...
Fetching villages for Kuripan (351303)...
Fetching villages for Bantaran (351304)...
Fetching villages for Leces (351305)...
Fetching villages for Banyuanyar (351306)...
Fetching villages for Tiris (351307)...
Fetching villages for Krucil (351308)...
Fetching villages for Gading (351309)...
Fetching villages for Pakuniran (351310)...
Fetching villages for Kotaanyar (351311)...
Fetching villages for Paiton (351312)...
Fetching villages for Besuk (351313)...
Fetching villages for Kraksaan (351314)...
Fetching villages for Krejengan (351315)...
Fetching villages for Pejarakan (351316)...
Fetching villages for Maron (351317)...
Fetching villages for Gending (351318)...
Fetching villages for Dringu (351319)...
Fetching villages for Tegalsiwalan (351320)...
Fetching villages for Sumberasih (351321)...
Fetching villages for Wonomerto (351322)...
Fetching villages for Tongas (351323)...
Fetching villages for Lumbang (351324)...
Fetching villages for Purwodadi (351401)...
Fetching villages for Tutur (351402)...
Fetching villages for Puspo (351403)...
Fetching villages for Lumbang (351404)...
Fetching villages for Pasrepan (351405)...
Fetching villages for Kejayan (351406)...
Fetching villages for Wonorejo (351407)...
Fetching villages for Purwosari (351408)...
Fetching villages for Sukorejo (351409)...
Fetching villages for Prigen (351410)...
Fetching villages for Pandaan (351411)...
Fetching villages for Gempol (351412)...
Fetching villages for Beji (351413)...
Fetching villages for Bangil (351414)...
Fetching villages for Rembang (351415)...
Fetching villages for Kraton (351416)...
Fetching villages for Pohjentrek (351417)...
Fetching villages for Gondangwetan (351418)...
Fetching villages for Winongan (351419)...
Fetching villages for Grati (351420)...
Fetching villages for Nguling (351421)...
Fetching villages for Lekok (351422)...
Fetching villages for Rejoso (351423)...
Fetching villages for Tosari (351424)...
Fetching villages for Tarik (351501)...
Fetching villages for Prambon (351502)...
Fetching villages for Krembung (351503)...
Fetching villages for Porong (351504)...
Fetching villages for Jabon (351505)...
Fetching villages for Tanggulangin (351506)...
Fetching villages for Candi (351507)...
Fetching villages for Sidoarjo (351508)...
Fetching villages for Tulangan (351509)...
Fetching villages for Wonoayu (351510)...
Fetching villages for Krian (351511)...
Fetching villages for Balongbendo (351512)...
Fetching villages for Taman (351513)...
Fetching villages for Sukodono (351514)...
Fetching villages for Buduran (351515)...
Fetching villages for Gedangan (351516)...
Fetching villages for Sedati (351517)...
Fetching villages for Waru (351518)...
Fetching villages for Jatirejo (351601)...
Fetching villages for Gondang (351602)...
Fetching villages for Pacet (351603)...
Fetching villages for Trawas (351604)...
Fetching villages for Ngoro (351605)...
Fetching villages for Pungging (351606)...
Fetching villages for Kutorejo (351607)...
Fetching villages for Mojosari (351608)...
Fetching villages for Dlanggu (351609)...
Fetching villages for Bangsal (351610)...
Fetching villages for Puri (351611)...
Fetching villages for Trowulan (351612)...
Fetching villages for Sooko (351613)...
Fetching villages for Gedeg (351614)...
Fetching villages for Kemlagi (351615)...
Fetching villages for Jetis (351616)...
Fetching villages for Dawarblandong (351617)...
Fetching villages for Mojoanyar (351618)...
Fetching villages for Perak (351701)...
Fetching villages for Gudo (351702)...
Fetching villages for Ngoro (351703)...
Fetching villages for Bareng (351704)...
Fetching villages for Wonosalam (351705)...
Fetching villages for Mojoagung (351706)...
Fetching villages for Mojowarno (351707)...
Fetching villages for Diwek (351708)...
Fetching villages for Jombang (351709)...
Fetching villages for Peterongan (351710)...
Fetching villages for Sumobito (351711)...
Fetching villages for Kesamben (351712)...
Fetching villages for Tembelang (351713)...
Fetching villages for Ploso (351714)...
Fetching villages for Plandaan (351715)...
Fetching villages for Kabuh (351716)...
Fetching villages for Kudu (351717)...
Fetching villages for Bandarkedungmulyo (351718)...
Fetching villages for Jogoroto (351719)...
Fetching villages for Megaluh (351720)...
Fetching villages for Ngusikan (351721)...
Fetching villages for Sawahan (351801)...
Fetching villages for Ngetos (351802)...
Fetching villages for Berbek (351803)...
Fetching villages for Loceret (351804)...
Fetching villages for Pace (351805)...
Fetching villages for Prambon (351806)...
Fetching villages for Ngronggot (351807)...
Fetching villages for Kertosono (351808)...
Fetching villages for Patianrowo (351809)...
Fetching villages for Baron (351810)...
Fetching villages for Tanjunganom (351811)...
Fetching villages for Sukomoro (351812)...
Fetching villages for Nganjuk (351813)...
Fetching villages for Bagor (351814)...
Fetching villages for Wilangan (351815)...
Fetching villages for Rejoso (351816)...
Fetching villages for Gondang (351817)...
Fetching villages for Ngluyu (351818)...
Fetching villages for Lengkong (351819)...
Fetching villages for Jatikalen (351820)...
Fetching villages for Kebon Sari (351901)...
Fetching villages for Dolopo (351902)...
Fetching villages for Geger (351903)...
Fetching villages for Dagangan (351904)...
Fetching villages for Kare (351905)...
Fetching villages for Gemarang (351906)...
Fetching villages for Wungu (351907)...
Fetching villages for Madiun (351908)...
Fetching villages for Jiwan (351909)...
Fetching villages for Balerejo (351910)...
Fetching villages for Mejayan (351911)...
Fetching villages for Saradan (351912)...
Fetching villages for Pilangkenceng (351913)...
Fetching villages for Sawahan (351914)...
Fetching villages for Wonoasri (351915)...
Fetching villages for Poncol (352001)...
Fetching villages for Parang (352002)...
Fetching villages for Lembeyan (352003)...
Fetching villages for Takeran (352004)...
Fetching villages for Kawedanan (352005)...
Fetching villages for Magetan (352006)...
Fetching villages for Plaosan (352007)...
Fetching villages for Panekan (352008)...
Fetching villages for Sukomoro (352009)...
Fetching villages for Bendo (352010)...
Fetching villages for Maospati (352011)...
Fetching villages for Barat (352012)...
Fetching villages for Karangrejo (352013)...
Fetching villages for Karas (352014)...
Fetching villages for Kartoharjo (352015)...
Fetching villages for Ngariboyo (352016)...
Fetching villages for Nguntoronadi (352017)...
Fetching villages for Sidorejo (352018)...
Fetching villages for Sine (352101)...
Fetching villages for Ngrambe (352102)...
Fetching villages for Jogorogo (352103)...
Fetching villages for Kendal (352104)...
Fetching villages for Geneng (352105)...
Fetching villages for Kwadungan (352106)...
Fetching villages for Karangjati (352107)...
Fetching villages for Padas (352108)...
Fetching villages for Ngawi (352109)...
Fetching villages for Paron (352110)...
Fetching villages for Kedunggalar (352111)...
Fetching villages for Widodaren (352112)...
Fetching villages for Mantingan (352113)...
Fetching villages for Pangkur (352114)...
Fetching villages for Bringin (352115)...
Fetching villages for Pitu (352116)...
Fetching villages for Karanganyar (352117)...
Fetching villages for Gerih (352118)...
Fetching villages for Kasreman (352119)...
Fetching villages for Ngraho (352201)...
Fetching villages for Tambakrejo (352202)...
Fetching villages for Ngambon (352203)...
Fetching villages for Ngasem (352204)...
Fetching villages for Bubulan (352205)...
Fetching villages for Dander (352206)...
Fetching villages for Sugihwaras (352207)...
Fetching villages for Kedungadem (352208)...
Fetching villages for Kepohbaru (352209)...
Fetching villages for Baureno (352210)...
Fetching villages for Kanor (352211)...
Fetching villages for Sumberejo (352212)...
Fetching villages for Balen (352213)...
Fetching villages for Kapas (352214)...
Fetching villages for Bojonegoro (352215)...
Fetching villages for Kalitidu (352216)...
Fetching villages for Malo (352217)...
Fetching villages for Purwosari (352218)...
Fetching villages for Padangan (352219)...
Fetching villages for Kasiman (352220)...
Fetching villages for Temayang (352221)...
Fetching villages for Margomulyo (352222)...
Fetching villages for Trucuk (352223)...
Fetching villages for Sukosewu (352224)...
Fetching villages for Kedewan (352225)...
Fetching villages for Gondang (352226)...
Fetching villages for Sekar (352227)...
Fetching villages for Gayam (352228)...
Fetching villages for Kenduruan (352301)...
Fetching villages for Jatirogo (352302)...
Fetching villages for Bangilan (352303)...
Fetching villages for Bancar (352304)...
Fetching villages for Senori (352305)...
Fetching villages for Tambakboyo (352306)...
Fetching villages for Singgahan (352307)...
Fetching villages for Kerek (352308)...
Fetching villages for Parengan (352309)...
Fetching villages for Montong (352310)...
Fetching villages for Soko (352311)...
Fetching villages for Jenu (352312)...
Fetching villages for Merakurak (352313)...
Fetching villages for Rengel (352314)...
Fetching villages for Semanding (352315)...
Fetching villages for Tuban (352316)...
Fetching villages for Plumpang (352317)...
Fetching villages for Palang (352318)...
Fetching villages for Widang (352319)...
Fetching villages for Grabagan (352320)...
Fetching villages for Sukorame (352401)...
Fetching villages for Bluluk (352402)...
Fetching villages for Modo (352403)...
Fetching villages for Ngimbang (352404)...
Fetching villages for Babat (352405)...
Fetching villages for Kedungpring (352406)...
Fetching villages for Brondong (352407)...
Fetching villages for Laren (352408)...
Fetching villages for Sekaran (352409)...
Fetching villages for Maduran (352410)...
Fetching villages for Sambeng (352411)...
Fetching villages for Sugio (352412)...
Fetching villages for Pucuk (352413)...
Fetching villages for Paciran (352414)...
Fetching villages for Solokuro (352415)...
Fetching villages for Mantup (352416)...
Fetching villages for Sukodadi (352417)...
Fetching villages for Karanggeneng (352418)...
Fetching villages for Kembangbahu (352419)...
Fetching villages for Kalitengah (352420)...
Fetching villages for Turi (352421)...
Fetching villages for Lamongan (352422)...
Fetching villages for Tikung (352423)...
Fetching villages for Karangbinangun (352424)...
Fetching villages for Deket (352425)...
Fetching villages for Glagah (352426)...
Fetching villages for Sarirejo (352427)...
Fetching villages for Dukun (352501)...
Fetching villages for Balongpanggang (352502)...
Fetching villages for Panceng (352503)...
Fetching villages for Benjeng (352504)...
Fetching villages for Duduksampeyan (352505)...
Fetching villages for Wringinanom (352506)...
Fetching villages for Ujungpangkah (352507)...
Fetching villages for Kedamean (352508)...
Fetching villages for Sidayu (352509)...
Fetching villages for Manyar (352510)...
Fetching villages for Cerme (352511)...
Fetching villages for Bungah (352512)...
Fetching villages for Menganti (352513)...
Fetching villages for Kebomas (352514)...
Fetching villages for Driyorejo (352515)...
Fetching villages for Gresik (352516)...
Fetching villages for Sangkapura (352517)...
Fetching villages for Tambak (352518)...
Fetching villages for Bangkalan (352601)...
Fetching villages for Socah (352602)...
Fetching villages for Burneh (352603)...
Fetching villages for Kamal (352604)...
Fetching villages for Arosbaya (352605)...
Fetching villages for Geger (352606)...
Fetching villages for Klampis (352607)...
Fetching villages for Sepulu (352608)...
Fetching villages for Tanjung Bumi (352609)...
Fetching villages for Kokop (352610)...
Fetching villages for Kwanyar (352611)...
Fetching villages for Labang (352612)...
Fetching villages for Tanah Merah (352613)...
Fetching villages for Tragah (352614)...
Fetching villages for Blega (352615)...
Fetching villages for Modung (352616)...
Fetching villages for Konang (352617)...
Fetching villages for Galis (352618)...
Fetching villages for Sreseh (352701)...
Fetching villages for Torjun (352702)...
Fetching villages for Sampang (352703)...
Fetching villages for Camplong (352704)...
Fetching villages for Omben (352705)...
Fetching villages for Kedungdung (352706)...
Fetching villages for Jrengik (352707)...
Fetching villages for Tambelangan (352708)...
Fetching villages for Banyuates (352709)...
Fetching villages for Robatal (352710)...
Fetching villages for Sokobanah (352711)...
Fetching villages for Ketapang (352712)...
Fetching villages for Pangarengan (352713)...
Fetching villages for Karangpenang (352714)...
Fetching villages for Tlanakan (352801)...
Fetching villages for Pademawu (352802)...
Fetching villages for Galis (352803)...
Fetching villages for Pamekasan (352804)...
Fetching villages for Proppo (352805)...
Fetching villages for Palenggaan (352806)...
Fetching villages for Pegantenan (352807)...
Fetching villages for Larangan (352808)...
Fetching villages for Pakong (352809)...
Fetching villages for Waru (352810)...
Fetching villages for Batumarmar (352811)...
Fetching villages for Kadur (352812)...
Fetching villages for Pasean (352813)...
Fetching villages for Kota Sumenep (352901)...
Fetching villages for Kalianget (352902)...
Fetching villages for Manding (352903)...
Fetching villages for Talango (352904)...
Fetching villages for Bluto (352905)...
Fetching villages for Saronggi (352906)...
Fetching villages for Lenteng (352907)...
Fetching villages for Giliginting (352908)...
Fetching villages for Guluk-Guluk (352909)...
Fetching villages for Ganding (352910)...
Fetching villages for Pragaan (352911)...
Fetching villages for Ambunten (352912)...
Fetching villages for Pasongsongan (352913)...
Fetching villages for Dasuk (352914)...
Fetching villages for Rubaru (352915)...
Fetching villages for Batang Batang (352916)...
Fetching villages for Batuputih (352917)...
Fetching villages for Dungkek (352918)...
Fetching villages for Gapura (352919)...
Fetching villages for Gayam (352920)...
Fetching villages for Nonggunong (352921)...
Fetching villages for Raas (352922)...
Fetching villages for Masalembu (352923)...
Fetching villages for Arjasa (352924)...
Fetching villages for Sapeken (352925)...
Fetching villages for Batuan (352926)...
Fetching villages for Kangayan (352927)...
Fetching villages for Mojoroto (357101)...
Fetching villages for Kota (357102)...
Fetching villages for Pesantren (357103)...
Fetching villages for Kepanjenkidul (357201)...
Fetching villages for Sukorejo (357202)...
Fetching villages for Sananwetan (357203)...
Fetching villages for Blimbing (357301)...
Fetching villages for Klojen (357302)...
Fetching villages for Kedungkandang (357303)...
Fetching villages for Sukun (357304)...
Fetching villages for Lowokwaru (357305)...
Fetching villages for Kademangan (357401)...
Fetching villages for Wonoasih (357402)...
Fetching villages for Mayangan (357403)...
Fetching villages for Kanigaran (357404)...
Fetching villages for Kedopok (357405)...
Fetching villages for Gadingrejo (357501)...
Fetching villages for Purworejo (357502)...
Fetching villages for Bugul Kidul (357503)...
Fetching villages for Panggungrejo (357504)...
Fetching villages for Prajuritkulon (357601)...
Fetching villages for Magersari (357602)...
Fetching villages for Kranggan (357603)...
Fetching villages for Kartoharjo (357701)...
Fetching villages for Manguharjo (357702)...
Fetching villages for Taman (357703)...
Fetching villages for Karangpilang (357801)...
Fetching villages for Wonocolo (357802)...
Fetching villages for Rungkut (357803)...
Fetching villages for Wonokromo (357804)...
Fetching villages for Tegalsari (357805)...
Fetching villages for Sawahan (357806)...
Fetching villages for Genteng (357807)...
Fetching villages for Gubeng (357808)...
Fetching villages for Sukolilo (357809)...
Fetching villages for Tambaksari (357810)...
Fetching villages for Simokerto (357811)...
Fetching villages for Pabean Cantian (357812)...
Fetching villages for Bubutan (357813)...
Fetching villages for Tandes (357814)...
Fetching villages for Krembangan (357815)...
Fetching villages for Semampir (357816)...
Fetching villages for Kenjeran (357817)...
Fetching villages for Lakarsantri (357818)...
Fetching villages for Benowo (357819)...
Fetching villages for Wiyung (357820)...
Fetching villages for Dukuh Pakis (357821)...
Fetching villages for Gayungan (357822)...
Fetching villages for Jambangan (357823)...
Fetching villages for Tenggilis Mejoyo (357824)...
Fetching villages for Gunung Anyar (357825)...
Fetching villages for Mulyorejo (357826)...
Fetching villages for Sukomanunggal (357827)...
Fetching villages for Asem Rowo (357828)...
Fetching villages for Bulak (357829)...
Fetching villages for Pakal (357830)...
Fetching villages for Sambikerep (357831)...
Fetching villages for Batu (357901)...
Fetching villages for Bumiaji (357902)...
Fetching villages for Junrejo (357903)...
Fetching villages for Sumur (360101)...
Fetching villages for Cimanggu (360102)...
Fetching villages for Cibaliung (360103)...
Fetching villages for Cikeusik (360104)...
Fetching villages for Cigeulis (360105)...
Fetching villages for Panimbang (360106)...
Fetching villages for Angsana (360107)...
Fetching villages for Munjul (360108)...
Fetching villages for Pagelaran (360109)...
Fetching villages for Bojong (360110)...
Fetching villages for Picung (360111)...
Fetching villages for Labuan (360112)...
Fetching villages for Menes (360113)...
Fetching villages for Saketi (360114)...
Fetching villages for Cipeucang (360115)...
Fetching villages for Jiput (360116)...
Fetching villages for Mandalawangi (360117)...
Fetching villages for Cimanuk (360118)...
Fetching villages for Kaduhejo (360119)...
Fetching villages for Banjar (360120)...
Fetching villages for Pandeglang (360121)...
Fetching villages for Cadasari (360122)...
Fetching villages for Cisata (360123)...
Fetching villages for Patia (360124)...
Fetching villages for Karang Tanjung (360125)...
Fetching villages for Cikedal (360126)...
Fetching villages for Cibitung (360127)...
Fetching villages for Carita (360128)...
Fetching villages for Sukaresmi (360129)...
Fetching villages for Mekarjaya (360130)...
Fetching villages for Sindangresmi (360131)...
Fetching villages for Pulosari (360132)...
Fetching villages for Koroncong (360133)...
Fetching villages for Majasari (360134)...
Fetching villages for Sobang (360135)...
Fetching villages for Malingping (360201)...
Fetching villages for Panggarangan (360202)...
Fetching villages for Bayah (360203)...
Fetching villages for Cipanas (360204)...
Fetching villages for Muncang (360205)...
Fetching villages for Leuwidamar (360206)...
Fetching villages for Bojongmanik (360207)...
Fetching villages for Gunungkencana (360208)...
Fetching villages for Banjarsari (360209)...
Fetching villages for Cileles (360210)...
Fetching villages for Cimarga (360211)...
Fetching villages for Sajira (360212)...
Fetching villages for Maja (360213)...
Fetching villages for Rangkasbitung (360214)...
Fetching villages for Warunggunung (360215)...
Fetching villages for Cijaku (360216)...
Fetching villages for Cikulur (360217)...
Fetching villages for Cibadak (360218)...
Fetching villages for Cibeber (360219)...
Fetching villages for Cilograng (360220)...
Fetching villages for Wanasalam (360221)...
Fetching villages for Sobang (360222)...
Fetching villages for Curug bitung (360223)...
Fetching villages for Kalanganyar (360224)...
Fetching villages for Lebakgedong (360225)...
Fetching villages for Cihara (360226)...
Fetching villages for Cirinten (360227)...
Fetching villages for Cigemlong (360228)...
Fetching villages for Balaraja (360301)...
Fetching villages for Jayanti (360302)...
Fetching villages for Tigaraksa (360303)...
Fetching villages for Jambe (360304)...
Fetching villages for Cisoka (360305)...
Fetching villages for Kresek (360306)...
Fetching villages for Kronjo (360307)...
Fetching villages for Mauk (360308)...
Fetching villages for Kemiri (360309)...
Fetching villages for Sukadiri (360310)...
Fetching villages for Rajeg (360311)...
Fetching villages for Pasar Kemis (360312)...
Fetching villages for Teluknaga (360313)...
Fetching villages for Kosambi (360314)...
Fetching villages for Pakuhaji (360315)...
Fetching villages for Sepatan (360316)...
Fetching villages for Curug (360317)...
Fetching villages for Cikupa (360318)...
Fetching villages for Panongan (360319)...
Fetching villages for Legok (360320)...
Fetching villages for Pagedangan (360322)...
Fetching villages for Cisauk (360323)...
Fetching villages for Sukamulya (360327)...
Fetching villages for Kelapa Dua (360328)...
Fetching villages for Sindang Jaya (360329)...
Fetching villages for Sepatan Timur (360330)...
Fetching villages for Solear (360331)...
Fetching villages for Gunung Kaler (360332)...
Fetching villages for Mekar Baru (360333)...
Fetching villages for Kramatwatu (360405)...
Fetching villages for Waringinkurung (360406)...
Fetching villages for Bojonegara (360407)...
Fetching villages for Pulo Ampel (360408)...
Fetching villages for Ciruas (360409)...
Fetching villages for Kragilan (360411)...
Fetching villages for Pontang (360412)...
Fetching villages for Tirtayasa (360413)...
Fetching villages for Tanara (360414)...
Fetching villages for Cikande (360415)...
Fetching villages for Kibin (360416)...
Fetching villages for Carenang (360417)...
Fetching villages for Binuang (360418)...
Fetching villages for Petir (360419)...
Fetching villages for Tunjung Teja (360420)...
Fetching villages for Baros (360422)...
Fetching villages for Cikeusal (360423)...
Fetching villages for Pamarayan (360424)...
Fetching villages for Kopo (360425)...
Fetching villages for Jawilan (360426)...
Fetching villages for Ciomas (360427)...
Fetching villages for Pabuaran (360428)...
Fetching villages for Padarincang (360429)...
Fetching villages for Anyar (360430)...
Fetching villages for Cinangka (360431)...
Fetching villages for Mancak (360432)...
Fetching villages for Gunung Sari (360433)...
Fetching villages for Bandung (360434)...
Fetching villages for Lebak Wangi (360435)...
Fetching villages for Tangerang (367101)...
Fetching villages for Jatiuwung (367102)...
Fetching villages for Batuceper (367103)...
Fetching villages for Benda (367104)...
Fetching villages for Cipondoh (367105)...
Fetching villages for Ciledug (367106)...
Fetching villages for Karawaci (367107)...
Fetching villages for Periuk (367108)...
Fetching villages for Cibodas (367109)...
Fetching villages for Neglasari (367110)...
Fetching villages for Pinang (367111)...
Fetching villages for Karang Tengah (367112)...
Fetching villages for Larangan (367113)...
Fetching villages for Cibeber (367201)...
Fetching villages for Cilegon (367202)...
Fetching villages for Pulomerak (367203)...
Fetching villages for Ciwandan (367204)...
Fetching villages for Jombang (367205)...
Fetching villages for Gerogol (367206)...
Fetching villages for Purwakarta (367207)...
Fetching villages for Citangkil (367208)...
Fetching villages for Serang (367301)...
Fetching villages for Kasemen (367302)...
Fetching villages for Walantaka (367303)...
Fetching villages for Curug (367304)...
Fetching villages for Cipocok Jaya (367305)...
Fetching villages for Taktakan (367306)...
Fetching villages for Serpong (367401)...
Fetching villages for Serpong Utara (367402)...
Fetching villages for Pondok Aren (367403)...
Fetching villages for Ciputat (367404)...
Fetching villages for Ciputat Timur (367405)...
Fetching villages for Pamulang (367406)...
Fetching villages for Setu (367407)...
Fetching villages for Negara (510101)...
Fetching villages for Mendoyo (510102)...
Fetching villages for Pekutatan (510103)...
Fetching villages for Melaya (510104)...
Fetching villages for Jembrana (510105)...
Fetching villages for Selemadeg (510201)...
Fetching villages for Salamadeg Timur (510202)...
Fetching villages for Salemadeg Barat (510203)...
Fetching villages for Kerambitan (510204)...
Fetching villages for Tabanan (510205)...
Fetching villages for Kediri (510206)...
Fetching villages for Marga (510207)...
Fetching villages for Penebel (510208)...
Fetching villages for Baturiti (510209)...
Fetching villages for Pupuan (510210)...
Fetching villages for Kuta (510301)...
Fetching villages for Mengwi (510302)...
Fetching villages for Abiansemal (510303)...
Fetching villages for Petang (510304)...
Fetching villages for Kuta Selatan (510305)...
Fetching villages for Kuta Utara (510306)...
Fetching villages for Sukawati (510401)...
Fetching villages for Blahbatuh (510402)...
Fetching villages for Gianyar (510403)...
Fetching villages for Tampaksiring (510404)...
Fetching villages for Ubud (510405)...
Fetching villages for Tegallalang (510406)...
Fetching villages for Payangan (510407)...
Fetching villages for Nusa Penida (510501)...
Fetching villages for Banjarangkan (510502)...
Fetching villages for Klungkung (510503)...
Fetching villages for Dawan (510504)...
Fetching villages for Susut (510601)...
Fetching villages for Bangli (510602)...
Fetching villages for Tembuku (510603)...
Fetching villages for Kintamani (510604)...
Fetching villages for Rendang (510701)...
Fetching villages for Sidemen (510702)...
Fetching villages for Manggis (510703)...
Fetching villages for Karangasem (510704)...
Fetching villages for Abang (510705)...
Fetching villages for Bebandem (510706)...
Fetching villages for Selat (510707)...
Fetching villages for Kubu (510708)...
Fetching villages for Gerokgak (510801)...
Fetching villages for Seririt (510802)...
Fetching villages for Busung biu (510803)...
Fetching villages for Banjar (510804)...
Fetching villages for Sukasada (510805)...
Fetching villages for Buleleng (510806)...
Fetching villages for Sawan (510807)...
Fetching villages for Kubutambahan (510808)...
Fetching villages for Tejakula (510809)...
Fetching villages for Denpasar Selatan (517101)...
Fetching villages for Denpasar Timur (517102)...
Fetching villages for Denpasar Barat (517103)...
Fetching villages for Denpasar Utara (517104)...
Fetching villages for Gerung (520101)...
Fetching villages for Kediri (520102)...
Fetching villages for Narmada (520103)...
Fetching villages for Sekotong (520107)...
Fetching villages for Labuapi (520108)...
Fetching villages for Gunungsari (520109)...
Fetching villages for Lingsar (520112)...
Fetching villages for Lembar (520113)...
Fetching villages for Batu Layar (520114)...
Fetching villages for Kuripan (520115)...
Fetching villages for Praya (520201)...
Fetching villages for Jonggat (520202)...
Fetching villages for Batukliang (520203)...
Fetching villages for Pujut (520204)...
Fetching villages for Praya Barat (520205)...
Fetching villages for Praya Timur (520206)...
Fetching villages for Janapria (520207)...
Fetching villages for Pringgarata (520208)...
Fetching villages for Kopang (520209)...
Fetching villages for Praya Tengah (520210)...
Fetching villages for Praya Barat Daya (520211)...
Fetching villages for Batukliang Utara (520212)...
Fetching villages for Keruak (520301)...
Fetching villages for Sakra (520302)...
Fetching villages for Terara (520303)...
Fetching villages for Sikur (520304)...
Fetching villages for Masbagik (520305)...
Fetching villages for Sukamulia (520306)...
Fetching villages for Selong (520307)...
Fetching villages for Pringgabaya (520308)...
Fetching villages for Aikmel (520309)...
Fetching villages for Sambelia (520310)...
Fetching villages for Montong Gading (520311)...
Fetching villages for Pringgasela (520312)...
Fetching villages for Suralaga (520313)...
Fetching villages for Wanasaba (520314)...
Fetching villages for Sembalun (520315)...
Fetching villages for Suwela (520316)...
Fetching villages for Labuhan Haji (520317)...
Fetching villages for Sakra Timur (520318)...
Fetching villages for Sakra Barat (520319)...
Fetching villages for Jerowaru (520320)...
Fetching villages for Lenek (520321)...
Fetching villages for Lunyuk (520402)...
Fetching villages for Alas (520405)...
Fetching villages for Utan (520406)...
Fetching villages for Batu Lanteh (520407)...
Fetching villages for Sumbawa (520408)...
Fetching villages for Moyo Hilir (520409)...
Fetching villages for Moyo Hulu (520410)...
Fetching villages for Ropang (520411)...
Fetching villages for Lape (520412)...
Fetching villages for Plampang (520413)...
Fetching villages for Empang (520414)...
Fetching villages for Alas Barat (520417)...
Fetching villages for Labuhan Badas (520418)...
Fetching villages for Labangka (520419)...
Fetching villages for Buer (520420)...
Fetching villages for Rhee (520421)...
Fetching villages for Unter Iwes (520422)...
Fetching villages for Moyo Utara (520423)...
Fetching villages for Maronge (520424)...
Fetching villages for Tarano (520425)...
Fetching villages for Lopok (520426)...
Fetching villages for Lenangguar (520427)...
Fetching villages for Orong Telu (520428)...
Fetching villages for Lantung (520429)...
Fetching villages for Dompu (520501)...
Fetching villages for Kempo (520502)...
Fetching villages for Hu'u (520503)...
Fetching villages for Kilo (520504)...
Fetching villages for Woja (520505)...
Fetching villages for Pekat (520506)...
Fetching villages for Manggalewa (520507)...
Fetching villages for Pajo (520508)...
Fetching villages for Monta (520601)...
Fetching villages for Bolo (520602)...
Fetching villages for Woha (520603)...
Fetching villages for Belo (520604)...
Fetching villages for Wawo (520605)...
Fetching villages for Sape (520606)...
Fetching villages for Wera (520607)...
Fetching villages for Donggo (520608)...
Fetching villages for Sanggar (520609)...
Fetching villages for Ambalawi (520610)...
Fetching villages for Langgudu (520611)...
Fetching villages for Lambu (520612)...
Fetching villages for Madapangga (520613)...
Fetching villages for Tambora (520614)...
Fetching villages for Soromandi (520615)...
Fetching villages for Parado (520616)...
Fetching villages for Lambitu (520617)...
Fetching villages for Palibelo (520618)...
Fetching villages for Jereweh (520701)...
Fetching villages for Taliwang (520702)...
Fetching villages for Seteluk (520703)...
Fetching villages for Sekongkang (520704)...
Fetching villages for Brang Rea (520705)...
Fetching villages for Poto Tano (520706)...
Fetching villages for Brang Ene (520707)...
Fetching villages for Maluk (520708)...
Fetching villages for Tanjung (520801)...
Fetching villages for Gangga (520802)...
Fetching villages for Kayangan (520803)...
Fetching villages for Bayan (520804)...
Fetching villages for Pemenang (520805)...
Fetching villages for Ampenan (527101)...
Fetching villages for Mataram (527102)...
Fetching villages for Cakranegara (527103)...
Fetching villages for Sekarbela (527104)...
Fetching villages for Selaprang (527105)...
Fetching villages for Sandubaya (527106)...
Fetching villages for RasanaE Barat (527201)...
Fetching villages for RasanaE Timur (527202)...
Fetching villages for Asakota (527203)...
Fetching villages for Raba (527204)...
Fetching villages for Mpunda (527205)...
Fetching villages for Semau (530104)...
Fetching villages for Kupang Barat (530105)...
Fetching villages for Kupang Timur (530106)...
Fetching villages for Sulamu (530107)...
Fetching villages for Kupang Tengah (530108)...
Fetching villages for Amarasi (530109)...
Fetching villages for Fatuleu (530110)...
Fetching villages for Takari (530111)...
Fetching villages for Amfoang Selatan (530112)...
Fetching villages for Amfoang Utara (530113)...
Fetching villages for Nekamese (530116)...
Fetching villages for Amarasi Barat (530117)...
Fetching villages for Amarasi Selatan (530118)...
Fetching villages for Amarasi Timur (530119)...
Fetching villages for Amabi Oefeto Timur (530120)...
Fetching villages for Amfoang Barat Daya (530121)...
Fetching villages for Amfoang Barat Laut (530122)...
Fetching villages for Semau Selatan (530123)...
Fetching villages for Taebenu (530124)...
Fetching villages for Amabi Oefeto (530125)...
Fetching villages for Amfoang Timur (530126)...
Fetching villages for Fatuleu Barat (530127)...
Fetching villages for Fatuleu Tengah (530128)...
Fetching villages for Amfoang Tengah (530130)...
Fetching villages for Kota Soe (530201)...
Fetching villages for Mollo Selatan (530202)...
Fetching villages for Mollo Utara (530203)...
Fetching villages for Amanuban Timur (530204)...
Fetching villages for Amanuban Tengah (530205)...
Fetching villages for Amanuban Selatan (530206)...
Fetching villages for Amanuban Barat (530207)...
Fetching villages for Amanatun Selatan (530208)...
Fetching villages for Amanatun Utara (530209)...
Fetching villages for KI'E (530210)...
Fetching villages for Kuanfatu (530211)...
Fetching villages for Fatumnasi (530212)...
Fetching villages for Polen (530213)...
Fetching villages for Batu Putih (530214)...
Fetching villages for Boking (530215)...
Fetching villages for Toianas (530216)...
Fetching villages for Nunkolo (530217)...
Fetching villages for Oenino (530218)...
Fetching villages for Kolbano (530219)...
Fetching villages for Kot olin (530220)...
Fetching villages for Kualin (530221)...
Fetching villages for Mollo Barat (530222)...
Fetching villages for Kok Baun (530223)...
Fetching villages for Noebana (530224)...
Fetching villages for Santian (530225)...
Fetching villages for Noebeba (530226)...
Fetching villages for Kuatnana (530227)...
Fetching villages for Fautmolo (530228)...
Fetching villages for Fatukopa (530229)...
Fetching villages for Mollo Tengah (530230)...
Fetching villages for Tobu (530231)...
Fetching villages for Nunbena (530232)...
Fetching villages for Miomafo Timur (530301)...
Fetching villages for Miomafo Barat (530302)...
Fetching villages for Biboki Selatan (530303)...
Fetching villages for Noemuti (530304)...
Fetching villages for Kota Kefamenanu (530305)...
Fetching villages for Biboki Utara (530306)...
Fetching villages for Biboki Anleu (530307)...
Fetching villages for Insana (530308)...
Fetching villages for Insana Utara (530309)...
Fetching villages for Noemuti Timur (530310)...
Fetching villages for Miomaffo Tengah (530311)...
Fetching villages for Musi (530312)...
Fetching villages for Mutis (530313)...
Fetching villages for Bikomi Selatan (530314)...
Fetching villages for Bikomi Tengah (530315)...
Fetching villages for Bikomi Nilulat (530316)...
Fetching villages for Bikomi Utara (530317)...
Fetching villages for Naibenu (530318)...
Fetching villages for Insana Fafinesu (530319)...
Fetching villages for Insana Barat (530320)...
Fetching villages for Insana Tengah (530321)...
Fetching villages for Biboki Tan Pah (530322)...
Fetching villages for Biboki Moenleu (530323)...
Fetching villages for Biboki Feotleu (530324)...
Fetching villages for Lamaknen (530401)...
Fetching villages for TasifetoTimur (530402)...
Fetching villages for Raihat (530403)...
Fetching villages for Tasifeto Barat (530404)...
Fetching villages for Kakuluk Mesak (530405)...
Fetching villages for Kota Atambua (530412)...
Fetching villages for Raimanuk (530413)...
Fetching villages for Lasiolat (530417)...
Fetching villages for Lamaknen Selatan (530418)...
Fetching villages for Atambua Barat (530421)...
Fetching villages for Atambua Selatan (530422)...
Fetching villages for Nanaet Duabesi (530423)...
Fetching villages for Teluk Mutiara (530501)...
Fetching villages for Alor Barat Laut (530502)...
Fetching villages for Alor Barat Daya (530503)...
Fetching villages for Alor Selatan (530504)...
Fetching villages for Alor Timur (530505)...
Fetching villages for Pantar (530506)...
Fetching villages for Alor Tengah Utara (530507)...
Fetching villages for Alor Timur Laut (530508)...
Fetching villages for Pantar Barat (530509)...
Fetching villages for Kabola (530510)...
Fetching villages for Pulau Pura (530511)...
Fetching villages for Mataru (530512)...
Fetching villages for Pureman (530513)...
Fetching villages for Pantar Timur (530514)...
Fetching villages for Lembur (530515)...
Fetching villages for Pantar Tengah (530516)...
Fetching villages for Pantar Baru Laut (530517)...
Fetching villages for Wulanggitang (530601)...
Fetching villages for Titehena (530602)...
Fetching villages for Larantuka (530603)...
Fetching villages for Ile Mandiri (530604)...
Fetching villages for Tanjung Bunga (530605)...
Fetching villages for Solor Barat (530606)...
Fetching villages for Solor Timur (530607)...
Fetching villages for Adonara Barat (530608)...
Fetching villages for Wotan Ulumando (530609)...
Fetching villages for Adonara Timur (530610)...
Fetching villages for Kelubagolit (530611)...
Fetching villages for Witihama (530612)...
Fetching villages for Ile Boleng (530613)...
Fetching villages for Demon Pagong (530614)...
Fetching villages for Lewolema (530615)...
Fetching villages for Ile Bura (530616)...
Fetching villages for Adonara (530617)...
Fetching villages for Adonara Tengah (530618)...
Fetching villages for Solor Selatan (530619)...
Fetching villages for Paga (530701)...
Fetching villages for Mego (530702)...
Fetching villages for Lela (530703)...
Fetching villages for Nita (530704)...
Fetching villages for Alok (530705)...
Fetching villages for Palue (530706)...
Fetching villages for Nelle (530707)...
Fetching villages for Talibura (530708)...
Fetching villages for Waigete (530709)...
Fetching villages for Kewapante (530710)...
Fetching villages for Bola (530711)...
Fetching villages for Magepanda (530712)...
Fetching villages for Waiblama (530713)...
Fetching villages for Alok Barat (530714)...
Fetching villages for Alok Timur (530715)...
Fetching villages for Koting (530716)...
Fetching villages for Tana Wawo (530717)...
Fetching villages for Hewokloang (530718)...
Fetching villages for Kangae (530719)...
Fetching villages for Doreng (530720)...
Fetching villages for Mapitara (530721)...
Fetching villages for Nangapanda (530801)...
Fetching villages for Pulau Ende (530802)...
Fetching villages for Ende (530803)...
Fetching villages for Ende Selatan (530804)...
Fetching villages for Ndona (530805)...
Fetching villages for Detusoko (530806)...
Fetching villages for Wewaria (530807)...
Fetching villages for Wolowaru (530808)...
Fetching villages for Wolojita (530809)...
Fetching villages for Maurole (530810)...
Fetching villages for Maukaro (530811)...
Fetching villages for Lio Timur (530812)...
Fetching villages for Kota Baru (530813)...
Fetching villages for Kelimutu (530814)...
Fetching villages for Detukeli (530815)...
Fetching villages for Ndona Timur (530816)...
Fetching villages for Ndori (530817)...
Fetching villages for Ende Utara (530818)...
Fetching villages for Ende Tengah (530819)...
Fetching villages for Ende Timur (530820)...
Fetching villages for Lepembusu Kelisoke (530821)...
Fetching villages for Aimere (530901)...
Fetching villages for Golewa (530902)...
Fetching villages for Bajawa (530906)...
Fetching villages for Soa (530907)...
Fetching villages for Riung (530909)...
Fetching villages for Jerebuu (530912)...
Fetching villages for Riung Barat (530914)...
Fetching villages for Bajawa Utara (530915)...
Fetching villages for Wolomeze (530916)...
Fetching villages for Golewa Selatan (530918)...
Fetching villages for Golewa Barat (530919)...
Fetching villages for Inerie (530920)...
Fetching villages for Wae Rii (531001)...
Fetching villages for Ruteng (531003)...
Fetching villages for Satar Mese (531005)...
Fetching villages for Cibal (531006)...
Fetching villages for Reok (531011)...
Fetching villages for Langke Rembong (531012)...
Fetching villages for Satar Mese Barat (531013)...
Fetching villages for Rahong Utara (531014)...
Fetching villages for Lelak (531015)...
Fetching villages for Reok Barat (531016)...
Fetching villages for Cibal barat (531017)...
Fetching villages for Satar Mese Utara (531018)...
Fetching villages for Kota Waingapu (531101)...
Fetching villages for Haharu (531102)...
Fetching villages for Lewa (531103)...
Fetching villages for Nggaha Ori Angu (531104)...
Fetching villages for Tabundung (531105)...
Fetching villages for Pinu Pahar (531106)...
Fetching villages for Pandawai (531107)...
Fetching villages for Umalulu (531108)...
Fetching villages for Rindi (531109)...
Fetching villages for Pahunga Lodu (531110)...
Fetching villages for Wulla Waijelu (531111)...
Fetching villages for Paberiwai (531112)...
Fetching villages for Karera (531113)...
Fetching villages for Kahaungu Eti (531114)...
Fetching villages for Matawai La Pawu (531115)...
Fetching villages for Kambera (531116)...
Fetching villages for Kambata Mapambuhang (531117)...
Fetching villages for Lewa Tidahu (531118)...
Fetching villages for Katala Hamu Lingu (531119)...
Fetching villages for Kanatang (531120)...
Fetching villages for Ngadu Ngala (531121)...
Fetching villages for Mahu (531122)...
Fetching villages for Tana Righu (531204)...
Fetching villages for Loli (531210)...
Fetching villages for Wanokaka (531211)...
Fetching villages for Lamboya (531212)...
Fetching villages for Kota Waikabubak (531215)...
Fetching villages for Laboya Barat (531218)...
Fetching villages for Naga Wutung (531301)...
Fetching villages for Atadei (531302)...
Fetching villages for Ile Ape (531303)...
Fetching villages for Lebatukan (531304)...
Fetching villages for Nubatukan (531305)...
Fetching villages for Omesuri (531306)...
Fetching villages for Buyasuri (531307)...
Fetching villages for Wulandoni (531308)...
Fetching villages for Ile Ape Timur (531309)...
Fetching villages for Rote Barat Daya (531401)...
Fetching villages for Rote Barat Laut (531402)...
Fetching villages for Lobalain (531403)...
Fetching villages for Rote Tengah (531404)...
Fetching villages for Pantai Baru (531405)...
Fetching villages for Rote Timur (531406)...
Fetching villages for Rote Barat (531407)...
Fetching villages for Rote Selatan (531408)...
Fetching villages for Ndao Nuse (531409)...
Fetching villages for Landu Leko (531410)...
Fetching villages for Macang Pacar (531501)...
Fetching villages for Kuwus (531502)...
Fetching villages for Lembor (531503)...
Fetching villages for Sano Nggoang (531504)...
Fetching villages for Komodo (531505)...
Fetching villages for Boleng (531506)...
Fetching villages for Welak (531507)...
Fetching villages for Ndoso (531508)...
Fetching villages for Lembor Selatan (531509)...
Fetching villages for Mbeliling (531510)...
Fetching villages for Pacar (531511)...
Fetching villages for Kuwus Barat (531512)...
Fetching villages for Aesesa (531601)...
Fetching villages for Nangaroro (531602)...
Fetching villages for Boawae (531603)...
Fetching villages for Mauponggo (531604)...
Fetching villages for Wolowae (531605)...
Fetching villages for Keo Tengah (531606)...
Fetching villages for Aesesa Selatan (531607)...
Fetching villages for Katiku Tana (531701)...
Fetching villages for Umbu Ratu Nggay Barat (531702)...
Fetching villages for Mamboro (531703)...
Fetching villages for Umbu Ratu Nggay (531704)...
Fetching villages for Katiku Tana Selatan (531705)...
Fetching villages for Loura (531801)...
Fetching villages for Wewewa Utara (531802)...
Fetching villages for Wewewa Timur (531803)...
Fetching villages for Wewewa Barat (531804)...
Fetching villages for Wewewa Selatan (531805)...
Fetching villages for Kodi Bangedo (531806)...
Fetching villages for Kodi (531807)...
Fetching villages for Kodi Utara (531808)...
Fetching villages for Kota Tambolaka (531809)...
Fetching villages for Wewewa Tengah (531810)...
Fetching villages for Kodi Balaghar (531811)...
Fetching villages for Borong (531901)...
Fetching villages for Poco Ranaka (531902)...
Fetching villages for Lamba Leda (531903)...
Fetching villages for Sambi Rampas (531904)...
Fetching villages for Elar (531905)...
Fetching villages for Kota Komba (531906)...
Fetching villages for Rana Mese (531907)...
Fetching villages for Poco Ranaka Timur (531908)...
Fetching villages for Elar Selatan (531909)...
Fetching villages for Sabu Barat (532001)...
Fetching villages for Sabu Tengah (532002)...
Fetching villages for Sabu Timur (532003)...
Fetching villages for Sabu Liae (532004)...
Fetching villages for Hawu Mehara (532005)...
Fetching villages for Raijua (532006)...
Fetching villages for Malaka Tengah (532101)...
Fetching villages for Malaka Barat (532102)...
Fetching villages for Wewiku (532103)...
Fetching villages for Weliman (532104)...
Fetching villages for Rinhat (532105)...
Fetching villages for Io Kufeu (532106)...
Fetching villages for Sasitamean (532107)...
Fetching villages for Laenmanen (532108)...
Fetching villages for Malaka Timur (532109)...
Fetching villages for Kobalima Timur (532110)...
Fetching villages for Kobalima (532111)...
Fetching villages for Botin Leobele (532112)...
Fetching villages for Alak (537101)...
Fetching villages for Maulafa (537102)...
Fetching villages for Kelapa Lima (537103)...
Fetching villages for Oebobo (537104)...
Fetching villages for Kota Raja (537105)...
Fetching villages for Kota Lama (537106)...
Fetching villages for Sambas (610101)...
Fetching villages for Teluk Keramat (610102)...
Fetching villages for Jawai (610103)...
Fetching villages for Tebas (610104)...
Fetching villages for Pemangkat (610105)...
Fetching villages for Sejangkung (610106)...
Fetching villages for Selakau (610107)...
Fetching villages for Paloh (610108)...
Fetching villages for Sajingan Besar (610109)...
Fetching villages for Subah (610110)...
Fetching villages for Galing (610111)...
Fetching villages for Tekarang (610112)...
Fetching villages for Semparuk (610113)...
Fetching villages for Sajad (610114)...
Fetching villages for Sebawi (610115)...
Fetching villages for Jawai Selatan (610116)...
Fetching villages for Tangaran (610117)...
Fetching villages for Salatiga (610118)...
Fetching villages for Selakau Timur (610119)...
Fetching villages for Mempawah Hilir (610201)...
Fetching villages for Toho (610206)...
Fetching villages for Sungai Pinyuh (610207)...
Fetching villages for Siantan (610208)...
Fetching villages for Sungai Kunyit (610212)...
Fetching villages for Segedong (610215)...
Fetching villages for Anjongan (610216)...
Fetching villages for Sadaniang (610217)...
Fetching villages for Mempawah Timur (610218)...
Fetching villages for Kapuas (610301)...
Fetching villages for Mukok (610302)...
Fetching villages for Noyan (610303)...
Fetching villages for Jangkang (610304)...
Fetching villages for Bonti (610305)...
Fetching villages for Beduai (610306)...
Fetching villages for Sekayam (610307)...
Fetching villages for Kembayan (610308)...
Fetching villages for Parindu (610309)...
Fetching villages for Tayan Hulu (610310)...
Fetching villages for Tayan Hilir (610311)...
Fetching villages for Balai (610312)...
Fetching villages for Toba (610313)...
Fetching villages for Meliau (610320)...
Fetching villages for Entikong (610321)...
Fetching villages for Matan Hilir Utara (610401)...
Fetching villages for Marau (610402)...
Fetching villages for Manis Mata (610403)...
Fetching villages for Kendawangan (610404)...
Fetching villages for Sandai (610405)...
Fetching villages for Sungai Laur (610407)...
Fetching villages for Simpang Hulu (610408)...
Fetching villages for Nanga Tayap (610411)...
Fetching villages for Matan Hilir Selatan (610412)...
Fetching villages for Tumbang Titi (610413)...
Fetching villages for Jelai Hulu (610414)...
Fetching villages for Delta Pawan (610416)...
Fetching villages for Muara Pawan (610417)...
Fetching villages for Benua Kayong (610418)...
Fetching villages for Hulu Sungai (610419)...
Fetching villages for Simpang Dua (610420)...
Fetching villages for Air Upas (610421)...
Fetching villages for Singkup (610422)...
Fetching villages for Pemahan (610424)...
Fetching villages for Sungai Melayu Rayak (610425)...
Fetching villages for Sintang (610501)...
Fetching villages for Tempunak (610502)...
Fetching villages for Sepauk (610503)...
Fetching villages for Ketungau Hilir (610504)...
Fetching villages for Ketungau Tengah (610505)...
Fetching villages for Ketungau Hulu (610506)...
Fetching villages for Dedai (610507)...
Fetching villages for Kayan Hilir (610508)...
Fetching villages for Kayan Hulu (610509)...
Fetching villages for Serawai (610514)...
Fetching villages for Ambalau (610515)...
Fetching villages for Kelam Permai (610519)...
Fetching villages for Sungai Tebelian (610520)...
Fetching villages for Binjai Hulu (610521)...
Fetching villages for Putussibau Utara (610601)...
Fetching villages for Bika (610602)...
Fetching villages for Embaloh Hilir (610603)...
Fetching villages for Embaloh Hulu (610604)...
Fetching villages for Bunut Hilir (610605)...
Fetching villages for Bunut Hulu (610606)...
Fetching villages for Jongkong (610607)...
Fetching villages for Hulu Gurung (610608)...
Fetching villages for Selimbau (610609)...
Fetching villages for Semitau (610610)...
Fetching villages for Seberuang (610611)...
Fetching villages for Batang Lupar (610612)...
Fetching villages for Empanang (610613)...
Fetching villages for Badau (610614)...
Fetching villages for Silat Hilir (610615)...
Fetching villages for Silat Hulu (610616)...
Fetching villages for Putussibau Selatan (610617)...
Fetching villages for Kalis (610618)...
Fetching villages for Boyan Tanjung (610619)...
Fetching villages for Mentebah (610620)...
Fetching villages for Pengkadan (610621)...
Fetching villages for Suhaid (610622)...
Fetching villages for Puring Kencana (610623)...
Fetching villages for Sungai Raya (610701)...
Fetching villages for Samalantan (610702)...
Fetching villages for Ledo (610703)...
Fetching villages for Bengkayang (610704)...
Fetching villages for Seluas (610705)...
Fetching villages for Sanggau Ledo (610706)...
Fetching villages for Jagoi Babang (610707)...
Fetching villages for Monterado (610708)...
Fetching villages for Teriak (610709)...
Fetching villages for Suti Semarang (610710)...
Fetching villages for Capkala (610711)...
Fetching villages for Siding (610712)...
Fetching villages for Lumar (610713)...
Fetching villages for Sungai Betung (610714)...
Fetching villages for Sungai Raya Kepulauan (610715)...
Fetching villages for Lembah Bawang (610716)...
Fetching villages for Tujuh Belas (610717)...
Fetching villages for Ngabang (610801)...
Fetching villages for Mempawah Hulu (610802)...
Fetching villages for Menjalin (610803)...
Fetching villages for Mandor (610804)...
Fetching villages for Air Besar (610805)...
Fetching villages for Menyuke (610806)...
Fetching villages for Sengah Temila (610807)...
Fetching villages for Meranti (610808)...
Fetching villages for Kuala Behe (610809)...
Fetching villages for Sebangki (610810)...
Fetching villages for Jelimpo (610811)...
Fetching villages for Banyuke Hulu (610812)...
Fetching villages for Sompak (610813)...
Fetching villages for Sekadau Hilir (610901)...
Fetching villages for Sekadau Hulu (610902)...
Fetching villages for Nanga Taman (610903)...
Fetching villages for Nanga Mahap (610904)...
Fetching villages for Belitang Hilir (610905)...
Fetching villages for Belitang Hulu (610906)...
Fetching villages for Belitang (610907)...
Fetching villages for Belimbing (611001)...
Fetching villages for Nanga Pinoh (611002)...
Fetching villages for Ella Hilir (611003)...
Fetching villages for Menukung (611004)...
Fetching villages for Sayan (611005)...
Fetching villages for Tanah Pinoh (611006)...
Fetching villages for Sokan (611007)...
Fetching villages for Pinoh Utara (611008)...
Fetching villages for Pinoh Selatan (611009)...
Fetching villages for Belimbing Hulu (611010)...
Fetching villages for Tanah Pinoh Barat (611011)...
Fetching villages for Sukadana (611101)...
Fetching villages for Simpang Hilir (611102)...
Fetching villages for Teluk Batang (611103)...
Fetching villages for Pulau Maya (611104)...
Fetching villages for Seponti (611105)...
Fetching villages for Kepulauan Karimata (611106)...
Fetching villages for Sungai Raya (611201)...
Fetching villages for Kuala Mandor B (611202)...
Fetching villages for Sungai Ambawang (611203)...
Fetching villages for Terentang (611204)...
Fetching villages for Batu Ampar (611205)...
Fetching villages for Kubu (611206)...
Fetching villages for Rasau Jaya (611207)...
Fetching villages for Teluk Pakedai (611208)...
Fetching villages for Sungai Kakap (611209)...
Fetching villages for Pontianak Selatan (617101)...
Fetching villages for Pontianak Timur (617102)...
Fetching villages for Pontianak Barat (617103)...
Fetching villages for Pontianak Utara (617104)...
Fetching villages for Pontianak Kota (617105)...
Fetching villages for Pontianak Tenggara (617106)...
Fetching villages for Singkawang Tengah (617201)...
Fetching villages for Singkawang Barat (617202)...
Fetching villages for Singkawang Timur (617203)...
Fetching villages for Singkawang Utara (617204)...
Fetching villages for Singkawang Selatan (617205)...
Fetching villages for Kumai (620101)...
Fetching villages for Arut Selatan (620102)...
Fetching villages for Kotawaringin Lama (620103)...
Fetching villages for Arut Utara (620104)...
Fetching villages for Pangkalan Lada (620105)...
Fetching villages for Pangkalan Banteng (620106)...
Fetching villages for Kota Besi (620201)...
Fetching villages for Cempaga (620202)...
Fetching villages for Mentaya Hulu (620203)...
Fetching villages for Parenggean (620204)...
Fetching villages for Baamang (620205)...
Fetching villages for Mentawa Baru Ketapang (620206)...
Fetching villages for Mentaya Hilir Utara (620207)...
Fetching villages for Mentaya Hilir Selatan (620208)...
Fetching villages for Pulau Hanaut (620209)...
Fetching villages for Antang Kalang (620210)...
Fetching villages for Teluk Sampit (620211)...
Fetching villages for Seranau (620212)...
Fetching villages for Cempaga Hulu (620213)...
Fetching villages for Telawang (620214)...
Fetching villages for Bukit Santuai (620215)...
Fetching villages for Tualan Hulu (620216)...
Fetching villages for Telaga Antang (620217)...
Fetching villages for Selat (620301)...
Fetching villages for Kapuas Hilir (620302)...
Fetching villages for Kapuas Timur (620303)...
Fetching villages for Kapuas Kuala (620304)...
Fetching villages for Kapuas Barat (620305)...
Fetching villages for Pulau Petak (620306)...
Fetching villages for Kapuas Murung (620307)...
Fetching villages for Basarang (620308)...
Fetching villages for Mantangai (620309)...
Fetching villages for Timpah (620310)...
Fetching villages for Kapuas Tengah (620311)...
Fetching villages for Kapuas Hulu (620312)...
Fetching villages for Tamban Catur (620313)...
Fetching villages for Pasak Talawang (620314)...
Fetching villages for Mandau Talawang (620315)...
Fetching villages for Dadahup (620316)...
Fetching villages for Bataguh (620317)...
Fetching villages for Jenamas (620401)...
Fetching villages for Dusun Hilir (620402)...
Fetching villages for Karau Kuala (620403)...
Fetching villages for Dusun Utara (620404)...
Fetching villages for Gn. Bintang Awai (620405)...
Fetching villages for Dusun Selatan (620406)...
Fetching villages for Montallat (620501)...
Fetching villages for Gunung Timang (620502)...
Fetching villages for Gunung Purei (620503)...
Fetching villages for Teweh Timur (620504)...
Fetching villages for Teweh Tengah (620505)...
Fetching villages for Lahei (620506)...
Fetching villages for Teweh Baru (620507)...
Fetching villages for Teweh Selatan (620508)...
Fetching villages for Lahei Barat (620509)...
Fetching villages for Kamipang (620601)...
Fetching villages for Katingan Hilir (620602)...
Fetching villages for Tewang Sangalang Garing (620603)...
Fetching villages for Pulau Malan (620604)...
Fetching villages for Katingan Tengah (620605)...
Fetching villages for Sanaman Mantikei (620606)...
Fetching villages for Marikit (620607)...
Fetching villages for Katingan Hulu (620608)...
Fetching villages for Mendawai (620609)...
Fetching villages for Katingan Kuala (620610)...
Fetching villages for Tasik Payawan (620611)...
Fetching villages for Petak Malai (620612)...
Fetching villages for Bukit Raya (620613)...
Fetching villages for Seruyan Hilir (620701)...
Fetching villages for Seruyan Tengah (620702)...
Fetching villages for Danau Sembuluh (620703)...
Fetching villages for Hanau (620704)...
Fetching villages for Seruyan Hulu (620705)...
Fetching villages for Seruyan Hilir Timur (620706)...
Fetching villages for Seruyan Raya (620707)...
Fetching villages for Danau Seluluk (620708)...
Fetching villages for Batu Ampar (620709)...
Fetching villages for Suling Tambun (620710)...
Fetching villages for Sukamara (620801)...
Fetching villages for Jelai (620802)...
Fetching villages for Balai Riam (620803)...
Fetching villages for Pantai Lunci (620804)...
Fetching villages for Permata Kecubung (620805)...
Fetching villages for Lamandau (620901)...
Fetching villages for Delang (620902)...
Fetching villages for Bulik (620903)...
Fetching villages for Bulik Timur (620904)...
Fetching villages for Menthobi Raya (620905)...
Fetching villages for Sematu Jaya (620906)...
Fetching villages for Belantikan Raya (620907)...
Fetching villages for Batang Kawa (620908)...
Fetching villages for Sepang Simin (621001)...
Fetching villages for Kurun (621002)...
Fetching villages for Tewah (621003)...
Fetching villages for Kahayan Hulu Utara (621004)...
Fetching villages for Rungan (621005)...
Fetching villages for Manuhing (621006)...
Fetching villages for Mihing Raya (621007)...
Fetching villages for Damang Batu (621008)...
Fetching villages for Miri Manasa (621009)...
Fetching villages for Rungan Hulu (621010)...
Fetching villages for Mahuning Raya (621011)...
Fetching villages for Rungan Barat (621012)...
Fetching villages for Pandih Batu (621101)...
Fetching villages for Kahayan Kuala (621102)...
Fetching villages for Kahayan Tengah (621103)...
Fetching villages for Banama Tingang (621104)...
Fetching villages for Kahayan Hilir (621105)...
Fetching villages for Maliku (621106)...
Fetching villages for Jabiren (621107)...
Fetching villages for Sebangau Kuala (621108)...
Fetching villages for Murung (621201)...
Fetching villages for Tanah Siang (621202)...
Fetching villages for Laung Tuhup (621203)...
Fetching villages for Permata Intan (621204)...
Fetching villages for Sumber Barito (621205)...
Fetching villages for Barito Tuhup Raya (621206)...
Fetching villages for Tanah Siang Selatan (621207)...
Fetching villages for Sungai Babuat (621208)...
Fetching villages for Seribu Riam (621209)...
Fetching villages for Uut Murung (621210)...
Fetching villages for Dusun Timur (621301)...
Fetching villages for Banua Lima (621302)...
Fetching villages for Patangkep Tutui (621303)...
Fetching villages for Awang (621304)...
Fetching villages for Dusun Tengah (621305)...
Fetching villages for Pematang Karau (621306)...
Fetching villages for Paju Epat (621307)...
Fetching villages for Raren Batuah (621308)...
Fetching villages for Paku (621309)...
Fetching villages for Karusen Janang (621310)...
Fetching villages for Pahandut (627101)...
Fetching villages for Bukit Batu (627102)...
Fetching villages for Jekan Raya (627103)...
Fetching villages for Sabangau (627104)...
Fetching villages for Rakumpit (627105)...
Fetching villages for Takisung (630101)...
Fetching villages for Jorong (630102)...
Fetching villages for Pelaihari (630103)...
Fetching villages for Kurau (630104)...
Fetching villages for Bati Bati (630105)...
Fetching villages for Panyipatan (630106)...
Fetching villages for Kintap (630107)...
Fetching villages for Tambang Ulang (630108)...
Fetching villages for Batu Ampar (630109)...
Fetching villages for Bajuin (630110)...
Fetching villages for Bumi Makmur (630111)...
Fetching villages for Pulausembilan (630201)...
Fetching villages for Pulaulaut Barat (630202)...
Fetching villages for Pulaulaut Selatan (630203)...
Fetching villages for Pulaulaut Timur (630204)...
Fetching villages for Pulausebuku (630205)...
Fetching villages for Pulaulaut Utara (630206)...
Fetching villages for Kelumpang Selatan (630207)...
Fetching villages for Kelumpang Hulu (630208)...
Fetching villages for Kelumpang Tengah (630209)...
Fetching villages for Kelumpang Utara (630210)...
Fetching villages for Pamukan Selatan (630211)...
Fetching villages for Sampanahan (630212)...
Fetching villages for Pamukan Utara (630213)...
Fetching villages for Hampang (630214)...
Fetching villages for Sungaidurian (630215)...
Fetching villages for Pulaulaut Tengah (630216)...
Fetching villages for Kelumpang Hilir (630217)...
Fetching villages for Kelumpang Barat (630218)...
Fetching villages for Pamukan Barat (630219)...
Fetching villages for Pulaulaut Kepulauan (630220)...
Fetching villages for Pulaulaut Tanjung Selayar (630221)...
Fetching villages for Aluh Aluh (630301)...
Fetching villages for Kertak Hanyar (630302)...
Fetching villages for Gambut (630303)...
Fetching villages for Sungai Tabuk (630304)...
Fetching villages for Martapura (630305)...
Fetching villages for Karang Intan (630306)...
Fetching villages for Astambul (630307)...
Fetching villages for Simpang Empat (630308)...
Fetching villages for Pengaron (630309)...
Fetching villages for Sungai Pinang (630310)...
Fetching villages for Aranio (630311)...
Fetching villages for Mataraman (630312)...
Fetching villages for Beruntung Baru (630313)...
Fetching villages for Martapura Barat (630314)...
Fetching villages for Martapura Timur (630315)...
Fetching villages for Sambung Makmur (630316)...
Fetching villages for Paramasan (630317)...
Fetching villages for Telaga Bauntung (630318)...
Fetching villages for Tatah Makmur (630319)...
Fetching villages for Cintapuri Darussalam (630320)...
Fetching villages for Tabunganen (630401)...
Fetching villages for Tamban (630402)...
Fetching villages for Anjir Pasar (630403)...
Fetching villages for Anjir Muara (630404)...
Fetching villages for Alalak (630405)...
Fetching villages for Mandastana (630406)...
Fetching villages for Rantau Badauh (630407)...
Fetching villages for Belawang (630408)...
Fetching villages for Cerbon (630409)...
Fetching villages for Bakumpai (630410)...
Fetching villages for Kuripan (630411)...
Fetching villages for Tabukan (630412)...
Fetching villages for Mekarsari (630413)...
Fetching villages for Barambai (630414)...
Fetching villages for Marabahan (630415)...
Fetching villages for Wanaraya (630416)...
Fetching villages for Jejangkit (630417)...
Fetching villages for Binuang (630501)...
Fetching villages for Tapin Selatan (630502)...
Fetching villages for Tapin Tengah (630503)...
Fetching villages for Tapin Utara (630504)...
Fetching villages for Candi Laras Selatan (630505)...
Fetching villages for Candi Laras Utara (630506)...
Fetching villages for Bakarangan (630507)...
Fetching villages for Piani (630508)...
Fetching villages for Bungur (630509)...
Fetching villages for Lokpaikat (630510)...
Fetching villages for Salam Babaris (630511)...
Fetching villages for Hatungun (630512)...
Fetching villages for Sungai Raya (630601)...
Fetching villages for Padang Batung (630602)...
Fetching villages for Telaga Langsat (630603)...
Fetching villages for Angkinang (630604)...
Fetching villages for Kandangan (630605)...
Fetching villages for Simpur (630606)...
Fetching villages for Daha Selatan (630607)...
Fetching villages for Daha Utara (630608)...
Fetching villages for Kalumpang (630609)...
Fetching villages for Loksado (630610)...
Fetching villages for Daha Barat (630611)...
Fetching villages for Haruyan (630701)...
Fetching villages for Batu Benawa (630702)...
Fetching villages for Labuan Amas Selatan (630703)...
Fetching villages for Labuan Amas Utara (630704)...
Fetching villages for Pandawan (630705)...
Fetching villages for Barabai (630706)...
Fetching villages for Batang Alai Selatan (630707)...
Fetching villages for Batang Alai Utara (630708)...
Fetching villages for Hantakan (630709)...
Fetching villages for Batang Alai Timur (630710)...
Fetching villages for Limpasu (630711)...
Fetching villages for Danau Panggang (630801)...
Fetching villages for Babirik (630802)...
Fetching villages for Sungai Pandan (630803)...
Fetching villages for Amuntai Selatan (630804)...
Fetching villages for Amuntai Tengah (630805)...
Fetching villages for Amuntai Utara (630806)...
Fetching villages for Banjang (630807)...
Fetching villages for Haur Gading (630808)...
Fetching villages for Paminggir (630809)...
Fetching villages for Sungai Tabukan (630810)...
Fetching villages for Banua Lawas (630901)...
Fetching villages for Kelua (630902)...
Fetching villages for Tanta (630903)...
Fetching villages for Tanjung (630904)...
Fetching villages for Haruai (630905)...
Fetching villages for Murung Pudak (630906)...
Fetching villages for Muara Uya (630907)...
Fetching villages for Muara Harus (630908)...
Fetching villages for Pugaan (630909)...
Fetching villages for Upau (630910)...
Fetching villages for Jaro (630911)...
Fetching villages for Bintang Ara (630912)...
Fetching villages for Batu Licin (631001)...
Fetching villages for Kusan Hilir (631002)...
Fetching villages for Sungai Loban (631003)...
Fetching villages for Satui (631004)...
Fetching villages for Kusan Hulu (631005)...
Fetching villages for Simpang Empat (631006)...
Fetching villages for Karang Bintang (631007)...
Fetching villages for Mantewe (631008)...
Fetching villages for Angsana (631009)...
Fetching villages for Kuranji (631010)...
Fetching villages for Juai (631101)...
Fetching villages for Halong (631102)...
Fetching villages for Awayan (631103)...
Fetching villages for Batu Mandi (631104)...
Fetching villages for Lampihong (631105)...
Fetching villages for Paringin (631106)...
Fetching villages for Paringin Selatan (631107)...
Fetching villages for Tebing Tinggi (631108)...
Fetching villages for Banjarmasin Selatan (637101)...
Fetching villages for Banjarmasin Timur (637102)...
Fetching villages for Banjarmasin Barat (637103)...
Fetching villages for Banjarmasin Utara (637104)...
Fetching villages for Banjarmasin Tengah (637105)...
Fetching villages for Landasan Ulin (637202)...
Fetching villages for Cempaka (637203)...
Fetching villages for Banjarbaru Utara (637204)...
Fetching villages for Banjarbaru Selatan (637205)...
Fetching villages for Liang Anggang (637206)...
Fetching villages for Batu Sopang (640101)...
Fetching villages for Tanjung Harapan (640102)...
Fetching villages for Paser Belengkong (640103)...
Fetching villages for Tanah Grogot (640104)...
Fetching villages for Kuaro (640105)...
Fetching villages for Long Ikis (640106)...
Fetching villages for Muara Komam (640107)...
Fetching villages for Long Kali (640108)...
Fetching villages for Batu Engau (640109)...
Fetching villages for Muara Samu (640110)...
Fetching villages for Muara Muntai (640201)...
Fetching villages for Loa Kulu (640202)...
Fetching villages for Loa Janan (640203)...
Fetching villages for Anggana (640204)...
Fetching villages for Muara Badak (640205)...
Fetching villages for Tenggarong (640206)...
Fetching villages for Sebulu (640207)...
Fetching villages for Kota Bangun (640208)...
Fetching villages for Kenohan (640209)...
Fetching villages for Kembang Janggut (640210)...
Fetching villages for Muara Kaman (640211)...
Fetching villages for Tabang (640212)...
Fetching villages for Samboja (640213)...
Fetching villages for Muara Jawa (640214)...
Fetching villages for Sanga Sanga (640215)...
Fetching villages for Tenggarong Seberang (640216)...
Fetching villages for Marang Kayu (640217)...
Fetching villages for Muara Wis (640218)...
Fetching villages for Kelay (640301)...
Fetching villages for Talisayan (640302)...
Fetching villages for Sambaliung (640303)...
Fetching villages for Segah (640304)...
Fetching villages for Tanjung Redeb (640305)...
Fetching villages for Gunung Tabur (640306)...
Fetching villages for Pulau Derawan (640307)...
Fetching villages for Biduk-Biduk (640308)...
Fetching villages for Teluk Bayur (640309)...
Fetching villages for Tabalar (640310)...
Fetching villages for Maratua (640311)...
Fetching villages for Batu Putih (640312)...
Fetching villages for Biatan (640313)...
Fetching villages for MUARA ANCALONG (6404010)...
Fetching villages for BUSANG (6404011)...
Fetching villages for LONG MESANGAT (6404012)...
Fetching villages for MUARA WAHAU (6404020)...
Fetching villages for TELEN (6404021)...
Fetching villages for KONGBENG (6404022)...
Fetching villages for MUARA BENGKAL (6404030)...
Fetching villages for BATU AMPAR (6404031)...
Fetching villages for SANGATTA UTARA (6404040)...
Fetching villages for BENGALON (6404041)...
Fetching villages for TELUK PANDAN (6404042)...
Fetching villages for SANGATTA SELATAN (6404043)...
Fetching villages for RANTAU PULUNG (6404044)...
Fetching villages for SANGKULIRANG (6404050)...
Fetching villages for KALIORANG (6404051)...
Fetching villages for SANDARAN (6404052)...
Fetching villages for KAUBUN (6404053)...
Fetching villages for KARANGAN (6404054)...
Fetching villages for KELAY (6405010)...
Fetching villages for TALISAYAN (6405020)...
Fetching villages for TABALAR (6405021)...
Fetching villages for BIDUK BIDUK (6405030)...
Fetching villages for PULAU DERAWAN (6405040)...
Fetching villages for MARATUA (6405041)...
Fetching villages for SAMBALIUNG (6405050)...
Fetching villages for TANJUNG REDEB (6405060)...
Fetching villages for GUNUNG TABUR (6405070)...
Fetching villages for SEGAH (6405080)...
Fetching villages for TELUK BAYUR (6405090)...
Fetching villages for BATU PUTIH (6405100)...
Fetching villages for BIATAN (6405110)...
Fetching villages for Penajam (640901)...
Fetching villages for Waru (640902)...
Fetching villages for Babulu (640903)...
Fetching villages for Sepaku (640904)...
Fetching villages for Long Bagun (641101)...
Fetching villages for Long Hubung (641102)...
Fetching villages for Laham (641103)...
Fetching villages for Long Apari (641104)...
Fetching villages for Long Pahangai (641105)...
Fetching villages for Balikpapan Timur (647101)...
Fetching villages for Balikpapan Barat (647102)...
Fetching villages for Balikpapan Utara (647103)...
Fetching villages for Balikpapan Tengah (647104)...
Fetching villages for Balikpapan Selatan (647105)...
Fetching villages for Balikpapan Kota (647106)...
Fetching villages for Palaran (647201)...
Fetching villages for Samarinda Seberang (647202)...
Fetching villages for Samarinda Ulu (647203)...
Fetching villages for Samarinda Ilir (647204)...
Fetching villages for Samarinda Utara (647205)...
Fetching villages for Sungai Kunjang (647206)...
Fetching villages for Sambutan (647207)...
Fetching villages for Sungai Pinang (647208)...
Fetching villages for Samarinda Kota (647209)...
Fetching villages for Loa Janan Ilir (647210)...
Fetching villages for Bontang Utara (647401)...
Fetching villages for Bontang Selatan (647402)...
Fetching villages for Bontang Barat (647403)...
Fetching villages for Tanjung Palas (650101)...
Fetching villages for Tanjung Palas Barat (650102)...
Fetching villages for Tanjung Palas Utara (650103)...
Fetching villages for Tanjung Palas Timur (650104)...
Fetching villages for Tanjung Selor (650105)...
Fetching villages for Tanjung Palas Tengah (650106)...
Fetching villages for Peso (650107)...
Fetching villages for Peso Hilir (650108)...
Fetching villages for Sekatak (650109)...
Fetching villages for Bunyu (650110)...
Fetching villages for Mentarang (650201)...
Fetching villages for Malinau Kota (650202)...
Fetching villages for Pujungan (650203)...
Fetching villages for Kayan Hilir (650204)...
Fetching villages for Kayan Hulu (650205)...
Fetching villages for Malinau Selatan (650206)...
Fetching villages for Malinau Utara (650207)...
Fetching villages for Malinau Barat (650208)...
Fetching villages for Sungai Boh (650209)...
Fetching villages for Kayan Selatan (650210)...
Fetching villages for Bahau Hulu (650211)...
Fetching villages for Mentarang Hulu (650212)...
Fetching villages for Malinau Selatan Hilir (650213)...
Fetching villages for Malinau Selatan Hulu (650214)...
Fetching villages for Sungai Tubu (650215)...
Fetching villages for Sebatik (650301)...
Fetching villages for Nunukan (650302)...
Fetching villages for Sembakung (650303)...
Fetching villages for Lumbis (650304)...
Fetching villages for Krayan (650305)...
Fetching villages for Sebuku (650306)...
Fetching villages for Krayan Selatan (650307)...
Fetching villages for Sebatik Barat (650308)...
Fetching villages for Nunukan Selatan (650309)...
Fetching villages for Sebatik Timur (650310)...
Fetching villages for Sebatik Utara (650311)...
Fetching villages for Sebatik Tengah (650312)...
Fetching villages for Sei Menggaris (650313)...
Fetching villages for Tulin Onsoi (650314)...
Fetching villages for Lumbis Ogong (650315)...
Fetching villages for Sembakung Atulai (650316)...
Fetching villages for Krayan Tengah (650317)...
Fetching villages for Krayan Timur (650318)...
Fetching villages for Krayan Barat (650319)...
Fetching villages for Sesayap (650401)...
Fetching villages for Sesayap Hilir (650402)...
Fetching villages for Tana Lia (650403)...
Fetching villages for Betayau (650404)...
Fetching villages for Muruk Rian (650405)...
Fetching villages for Tarakan Barat (657101)...
Fetching villages for Tarakan Tengah (657102)...
Fetching villages for Tarakan Timur (657103)...
Fetching villages for Tarakan Utara (657104)...
Fetching villages for Sang Tombolang (710105)...
Fetching villages for Dumoga Barat (710109)...
Fetching villages for Dumoga Timur (710110)...
Fetching villages for Dumoga Utara (710111)...
Fetching villages for Lolak (710112)...
Fetching villages for Bolaang (710113)...
Fetching villages for Lolayan (710114)...
Fetching villages for Passi Barat (710119)...
Fetching villages for Poigar (710120)...
Fetching villages for Passi Timur (710122)...
Fetching villages for Bolaang Timur (710131)...
Fetching villages for Bilalang (710132)...
Fetching villages for Dumoga (710133)...
Fetching villages for Dumoga Tenggara (710134)...
Fetching villages for Dumoga Tengah (710135)...
Fetching villages for Tondano Barat (710201)...
Fetching villages for Tondano Timur (710202)...
Fetching villages for Eris (710203)...
Fetching villages for Kombi (710204)...
Fetching villages for Lembean Timur (710205)...
Fetching villages for Kakas (710206)...
Fetching villages for Tompaso (710207)...
Fetching villages for Remboken (710208)...
Fetching villages for Langowan Timur (710209)...
Fetching villages for Langowan Barat (710210)...
Fetching villages for Sonder (710211)...
Fetching villages for Kawangkoan (710212)...
Fetching villages for Pineleng (710213)...
Fetching villages for Tombulu (710214)...
Fetching villages for Tombariri (710215)...
Fetching villages for Tondano Utara (710216)...
Fetching villages for Langowan Selatan (710217)...
Fetching villages for Tondano Selatan (710218)...
Fetching villages for Langowan Utara (710219)...
Fetching villages for Kakas Barat (710220)...
Fetching villages for Kawangkoan Utara (710221)...
Fetching villages for Kawangkoan Barat (710222)...
Fetching villages for Mandolang (710223)...
Fetching villages for Tombariri Timur (710224)...
Fetching villages for Tompaso Barat (710225)...
Fetching villages for Tabukan Utara (710308)...
Fetching villages for Nusa Tabukan (710309)...
Fetching villages for Manganitu Selatan (710310)...
Fetching villages for Tatoareng (710311)...
Fetching villages for Tamako (710312)...
Fetching villages for Manganitu (710313)...
Fetching villages for Tabukan Tengah (710314)...
Fetching villages for Tabukan Selatan (710315)...
Fetching villages for Kendahe (710316)...
Fetching villages for Tahuna (710317)...
Fetching villages for Tabukan Selatan Tengah (710319)...
Fetching villages for Tabukan Selatan Tenggara (710320)...
Fetching villages for Tahuna Barat (710323)...
Fetching villages for Tahuna Timur (710324)...
Fetching villages for Kepulauan Marore (710325)...
Fetching villages for Lirung (710401)...
Fetching villages for Beo (710402)...
Fetching villages for Rainis (710403)...
Fetching villages for Essang (710404)...
Fetching villages for Nanusa (710405)...
Fetching villages for Kabaruan (710406)...
Fetching villages for Melonguane (710407)...
Fetching villages for Gemeh (710408)...
Fetching villages for Damau (710409)...
Fetching villages for Tampan' Amma (710410)...
Fetching villages for Salibabu (710411)...
Fetching villages for Kalongan (710412)...
Fetching villages for Miangas (710413)...
Fetching villages for Beo Utara (710414)...
Fetching villages for Pulutan (710415)...
Fetching villages for Melonguane Timur (710416)...
Fetching villages for Moronge (710417)...
Fetching villages for Beo Selatan (710418)...
Fetching villages for Essang Selatan (710419)...
Fetching villages for Modoinding (710501)...
Fetching villages for Tompaso Baru (710502)...
Fetching villages for Ranoyapo (710503)...
Fetching villages for Motoling (710507)...
Fetching villages for Sinonsayang (710508)...
Fetching villages for Tenga (710509)...
Fetching villages for Amurang (710510)...
Fetching villages for Tumpaan (710512)...
Fetching villages for Tareran (710513)...
Fetching villages for Kumelembuai (710515)...
Fetching villages for Maesaan (710516)...
Fetching villages for Amurang Barat (710517)...
Fetching villages for Amurang Timur (710518)...
Fetching villages for Tatapaan (710519)...
Fetching villages for Motoling Barat (710521)...
Fetching villages for Motoling Timur (710522)...
Fetching villages for Suluun Tareran (710523)...
Fetching villages for Kema (710601)...
Fetching villages for Kauditan (710602)...
Fetching villages for Airmadidi (710603)...
Fetching villages for Wori (710604)...
Fetching villages for Dimembe (710605)...
Fetching villages for Likupang Barat (710606)...
Fetching villages for Likupang Timur (710607)...
Fetching villages for Kalawat (710608)...
Fetching villages for Talawaan (710609)...
Fetching villages for Likupang Selatan (710610)...
Fetching villages for Ratahan (710701)...
Fetching villages for Pusomaen (710702)...
Fetching villages for Belang (710703)...
Fetching villages for Ratatotok (710704)...
Fetching villages for Tombatu (710705)...
Fetching villages for Touluaan (710706)...
Fetching villages for Touluaan Selatan (710707)...
Fetching villages for Silian Raya (710708)...
Fetching villages for Tombatu Timur (710709)...
Fetching villages for Tombatu Utara (710710)...
Fetching villages for Pasan (710711)...
Fetching villages for Ratahan Timur (710712)...
Fetching villages for Sangkub (710801)...
Fetching villages for Bintauna (710802)...
Fetching villages for Bolangitang Timur (710803)...
Fetching villages for Bolangitang Barat (710804)...
Fetching villages for Kaidipang (710805)...
Fetching villages for Pinogaluman (710806)...
Fetching villages for Siau Timur (710901)...
Fetching villages for Siau Barat (710902)...
Fetching villages for Tagulandang (710903)...
Fetching villages for Siau Timur Selatan (710904)...
Fetching villages for Siau Barat Selatan (710905)...
Fetching villages for Tagulandang Utara (710906)...
Fetching villages for Biaro (710907)...
Fetching villages for Siau Barat Utara (710908)...
Fetching villages for Siau Tengah (710909)...
Fetching villages for Tagulandang Selatan (710910)...
Fetching villages for Tutuyan (711001)...
Fetching villages for Kotabunan (711002)...
Fetching villages for Nuangan (711003)...
Fetching villages for Modayag (711004)...
Fetching villages for Modayag Barat (711005)...
Fetching villages for Motongkad (711006)...
Fetching villages for Mooat (711007)...
Fetching villages for Bolaang Uki (711101)...
Fetching villages for Posigadan (711102)...
Fetching villages for Pinolosian (711103)...
Fetching villages for Pinolosian Tengah (711104)...
Fetching villages for Pinolosian Timur (711105)...
Fetching villages for Helumo (711106)...
Fetching villages for Tomini (711107)...
Fetching villages for Bunaken (717101)...
Fetching villages for Tuminiting (717102)...
Fetching villages for Singkil (717103)...
Fetching villages for Wenang (717104)...
Fetching villages for Tikala (717105)...
Fetching villages for Sario (717106)...
Fetching villages for Wanea (717107)...
Fetching villages for Mapanget (717108)...
Fetching villages for Malalayang (717109)...
Fetching villages for Bunaken Kepulauan (717110)...
Fetching villages for Paal Dua (717111)...
Fetching villages for Lembeh Selatan (717201)...
Fetching villages for Madidir (717202)...
Fetching villages for Ranowulu (717203)...
Fetching villages for Aertembaga (717204)...
Fetching villages for Matuari (717205)...
Fetching villages for Girian (717206)...
Fetching villages for Maesa (717207)...
Fetching villages for Lembeh Utara (717208)...
Fetching villages for Tomohon Selatan (717301)...
Fetching villages for Tomohon Tengah (717302)...
Fetching villages for Tomohon Utara (717303)...
Fetching villages for Tomohon Barat (717304)...
Fetching villages for Tomohon Timur (717305)...
Fetching villages for Kotamobagu Utara (717401)...
Fetching villages for Kotamobagu Timur (717402)...
Fetching villages for Kotamobagu Selatan (717403)...
Fetching villages for Kotamobagu Barat (717404)...
Fetching villages for Batui (720101)...
Fetching villages for Bunta (720102)...
Fetching villages for Kintom (720103)...
Fetching villages for Luwuk (720104)...
Fetching villages for Lamala (720105)...
Fetching villages for Balantak (720106)...
Fetching villages for Pagimana (720107)...
Fetching villages for Bualemo (720108)...
Fetching villages for Toili (720109)...
Fetching villages for Masama (720110)...
Fetching villages for Luwuk Timur (720111)...
Fetching villages for Toili Barat (720112)...
Fetching villages for Nuhon (720113)...
Fetching villages for Moilong (720114)...
Fetching villages for Batui Selatan (720115)...
Fetching villages for Lobu (720116)...
Fetching villages for Simpang Raya (720117)...
Fetching villages for Balantak Selatan (720118)...
Fetching villages for Balantak Utara (720119)...
Fetching villages for Luwuk Selatan (720120)...
Fetching villages for Luwuk Utara (720121)...
Fetching villages for Mantoh (720122)...
Fetching villages for Nambo (720123)...
Fetching villages for Poso Kota (720201)...
Fetching villages for Poso Pesisir (720202)...
Fetching villages for Lage (720203)...
Fetching villages for Pamona Puselemba (720204)...
Fetching villages for Pamona Timur (720205)...
Fetching villages for Pamona Selatan (720206)...
Fetching villages for Lore Utara (720207)...
Fetching villages for Lore Tengah (720208)...
Fetching villages for Lore Selatan (720209)...
Fetching villages for Poso Pesisir Utara (720218)...
Fetching villages for Poso Pesisir Selatan (720219)...
Fetching villages for Pamona Barat (720220)...
Fetching villages for Poso Kota Selatan (720221)...
Fetching villages for Poso Kota Utara (720222)...
Fetching villages for Lore Barat (720223)...
Fetching villages for Lore Timur (720224)...
Fetching villages for Lore Piore (720225)...
Fetching villages for Pamona Tenggara (720226)...
Fetching villages for Pamona Utara (720227)...
Fetching villages for Rio Pakava (720304)...
Fetching villages for Dampelas (720306)...
Fetching villages for Banawa (720308)...
Fetching villages for Labuan (720309)...
Fetching villages for Sindue (720310)...
Fetching villages for Sirenja (720311)...
Fetching villages for Balaesang (720312)...
Fetching villages for Sojol (720314)...
Fetching villages for Banawa Selatan (720318)...
Fetching villages for Tanantovea (720319)...
Fetching villages for Pinembani (720321)...
Fetching villages for Sindue Tombusabora (720324)...
Fetching villages for Sindue Tobata (720325)...
Fetching villages for Banawa Tengah (720327)...
Fetching villages for Sojol Utara (720330)...
Fetching villages for Balaesang Tanjung (720331)...
Fetching villages for Dampal Selatan (720401)...
Fetching villages for Dampal Utara (720402)...
Fetching villages for Dondo (720403)...
Fetching villages for Basidondo (720404)...
Fetching villages for Ogodeide (720405)...
Fetching villages for Lampasio (720406)...
Fetching villages for Baolan (720407)...
Fetching villages for Galang (720408)...
Fetching villages for Toli-Toli Utara (720409)...
Fetching villages for Dako Pemean (720410)...
Fetching villages for Momunu (720501)...
Fetching villages for Lakea (720502)...
Fetching villages for Bokat (720503)...
Fetching villages for Bunobogu (720504)...
Fetching villages for Paleleh (720505)...
Fetching villages for Biau (720506)...
Fetching villages for Tiloan (720507)...
Fetching villages for Bukal (720508)...
Fetching villages for Gadung (720509)...
Fetching villages for Karamat (720510)...
Fetching villages for Paleleh Barat (720511)...
Fetching villages for Bungku Tengah (720605)...
Fetching villages for Bungku Selatan (720606)...
Fetching villages for Menui Kepulauan (720607)...
Fetching villages for Bungku Barat (720608)...
Fetching villages for Bumi Raya (720609)...
Fetching villages for Bahodopi (720610)...
Fetching villages for Wita Ponda (720612)...
Fetching villages for Bungku Pesisir (720615)...
Fetching villages for Bungku Timur (720618)...
Fetching villages for Totikum (720703)...
Fetching villages for Tinangkung (720704)...
Fetching villages for Liang (720705)...
Fetching villages for Bulagi (720706)...
Fetching villages for Buko (720707)...
Fetching villages for Bulagi Selatan (720709)...
Fetching villages for Tinangkung Selatan (720711)...
Fetching villages for Totikum Selatan (720715)...
Fetching villages for Peling Tengah (720716)...
Fetching villages for Bulagi Utara (720717)...
Fetching villages for Buko Selatan (720718)...
Fetching villages for Tinangkung Utara (720719)...
Fetching villages for Parigi (720801)...
Fetching villages for Ampibabo (720802)...
Fetching villages for Tinombo (720803)...
Fetching villages for Moutong (720804)...
Fetching villages for Tomini (720805)...
Fetching villages for Sausu (720806)...
Fetching villages for Bolano Lambunu (720807)...
Fetching villages for Kasimbar (720808)...
Fetching villages for Torue (720809)...
Fetching villages for Tinombo Selatan (720810)...
Fetching villages for Parigi Selatan (720811)...
Fetching villages for Mepanga (720812)...
Fetching villages for Toribulu (720813)...
Fetching villages for Taopa (720814)...
Fetching villages for Balinggi (720815)...
Fetching villages for Parigi Barat (720816)...
Fetching villages for Siniu (720817)...
Fetching villages for Palasa (720818)...
Fetching villages for Parigi Utara (720819)...
Fetching villages for Parigi Tengah (720820)...
Fetching villages for Bolano (720821)...
Fetching villages for Ongka Malino (720822)...
Fetching villages for Sidoan (720823)...
Fetching villages for Una Una (720901)...
Fetching villages for Togean (720902)...
Fetching villages for Walea Kepulauan (720903)...
Fetching villages for Ampana Tete (720904)...
Fetching villages for Ampana Kota (720905)...
Fetching villages for Ulubongka (720906)...
Fetching villages for Tojo Barat (720907)...
Fetching villages for Tojo (720908)...
Fetching villages for Walea Besar (720909)...
Fetching villages for Ratolindo (720910)...
Fetching villages for Batudaka (720911)...
Fetching villages for Talatako (720912)...
Fetching villages for Sigi Biromaru (721001)...
Fetching villages for Palolo (721002)...
Fetching villages for Nokilalaki (721003)...
Fetching villages for Lindu (721004)...
Fetching villages for Kulawi (721005)...
Fetching villages for Kulawi Selatan (721006)...
Fetching villages for Pipikoro (721007)...
Fetching villages for Gumbasa (721008)...
Fetching villages for Dolo Selatan (721009)...
Fetching villages for Tanambulava (721010)...
Fetching villages for Dolo Barat (721011)...
Fetching villages for Dolo (721012)...
Fetching villages for Kinovaro (721013)...
Fetching villages for Marawola (721014)...
Fetching villages for Marawola Barat (721015)...
Fetching villages for Banggai (721101)...
Fetching villages for Banggai Utara (721102)...
Fetching villages for Bokan Kepulauan (721103)...
Fetching villages for Bangkurung (721104)...
Fetching villages for Labobo (721105)...
Fetching villages for Banggai Selatan (721106)...
Fetching villages for Banggai Tengah (721107)...
Fetching villages for Petasia (721201)...
Fetching villages for Petasia Timur (721202)...
Fetching villages for Lembo Raya (721203)...
Fetching villages for Lembo (721204)...
Fetching villages for Mori Atas (721205)...
Fetching villages for Mori Utara (721206)...
Fetching villages for Soyo Jaya (721207)...
Fetching villages for Bungku Utara (721208)...
Fetching villages for Mamosalato (721209)...
Fetching villages for Petasia Barat (721210)...
Fetching villages for Palu Timur (727101)...
Fetching villages for Palu Barat (727102)...
Fetching villages for Palu Selatan (727103)...
Fetching villages for Palu Utara (727104)...
Fetching villages for Ulujadi (727105)...
Fetching villages for Tatanga (727106)...
Fetching villages for Tawaeli (727107)...
Fetching villages for Mantikulore (727108)...
Fetching villages for Benteng (730101)...
Fetching villages for Bontoharu (730102)...
Fetching villages for Bontomatene (730103)...
Fetching villages for Bontomanai (730104)...
Fetching villages for Bontosikuyu (730105)...
Fetching villages for Pasimasunggu (730106)...
Fetching villages for Pasimarannu (730107)...
Fetching villages for Taka Bonerate (730108)...
Fetching villages for Pasilambena (730109)...
Fetching villages for Pasimasunggu Timur (730110)...
Fetching villages for Buki (730111)...
Fetching villages for Gantorang (730201)...
Fetching villages for Ujung Bulu (730202)...
Fetching villages for Bonto Bahari (730203)...
Fetching villages for Bonto Tiro (730204)...
Fetching villages for Herlang (730205)...
Fetching villages for Kajang (730206)...
Fetching villages for Bulukumpa (730207)...
Fetching villages for Kindang (730208)...
Fetching villages for Ujungloe (730209)...
Fetching villages for Rilauale (730210)...
Fetching villages for Bissappu (730301)...
Fetching villages for Bantaeng (730302)...
Fetching villages for Eremerasa (730303)...
Fetching villages for Tompo Bulu (730304)...
Fetching villages for Pajukukang (730305)...
Fetching villages for Uluere (730306)...
Fetching villages for Gantarang Keke (730307)...
Fetching villages for Sinoa (730308)...
Fetching villages for Bangkala (730401)...
Fetching villages for Tamalatea (730402)...
Fetching villages for Binamu (730403)...
Fetching villages for Batang (730404)...
Fetching villages for Kelara (730405)...
Fetching villages for Bangkala Barat (730406)...
Fetching villages for Bontoramba (730407)...
Fetching villages for Turatea (730408)...
Fetching villages for Arungkeke (730409)...
Fetching villages for Rumbia (730410)...
Fetching villages for Tarowang (730411)...
Fetching villages for Mappakasunggu (730501)...
Fetching villages for Mangarabombang (730502)...
Fetching villages for Polombangkeng Selatan (730503)...
Fetching villages for Polombangkeng Utara (730504)...
Fetching villages for Galesong Selatan (730505)...
Fetching villages for Galesong Utara (730506)...
Fetching villages for Pattallassang (730507)...
Fetching villages for Sanrobone (730508)...
Fetching villages for Galesong (730509)...
Fetching villages for Kepulauan Tanakeke (730510)...
Fetching villages for Bontonompo (730601)...
Fetching villages for Bajeng (730602)...
Fetching villages for Tompobullu (730603)...
Fetching villages for Tinggimoncong (730604)...
Fetching villages for Parangloe (730605)...
Fetching villages for Bontomarannu (730606)...
Fetching villages for Palangga (730607)...
Fetching villages for Somba Upu (730608)...
Fetching villages for Bungaya (730609)...
Fetching villages for Tombolopao (730610)...
Fetching villages for Biringbulu (730611)...
Fetching villages for Barombong (730612)...
Fetching villages for Pattalasang (730613)...
Fetching villages for Manuju (730614)...
Fetching villages for Bontolempangang (730615)...
Fetching villages for Bontonompo Selatan (730616)...
Fetching villages for Parigi (730617)...
Fetching villages for Bajeng Barat (730618)...
Fetching villages for Sinjai Barat (730701)...
Fetching villages for Sinjai Selatan (730702)...
Fetching villages for Sinjai Timur (730703)...
Fetching villages for Sinjai Tengah (730704)...
Fetching villages for Sinjai Utara (730705)...
Fetching villages for Bulupoddo (730706)...
Fetching villages for Sinjai Borong (730707)...
Fetching villages for Tellu Limpoe (730708)...
Fetching villages for Pulau Sembilan (730709)...
Fetching villages for Bontocani (730801)...
Fetching villages for Kahu (730802)...
Fetching villages for Kajuara (730803)...
Fetching villages for Salomekko (730804)...
Fetching villages for Tonra (730805)...
Fetching villages for Libureng (730806)...
Fetching villages for Mare (730807)...
Fetching villages for Sibulue (730808)...
Fetching villages for Barebbo (730809)...
Fetching villages for Cina (730810)...
Fetching villages for Ponre (730811)...
Fetching villages for Lappariaja (730812)...
Fetching villages for Lamuru (730813)...
Fetching villages for Ulaweng (730814)...
Fetching villages for Palakka (730815)...
Fetching villages for Awangpone (730816)...
Fetching villages for Tellu Siattinge (730817)...
Fetching villages for Ajangale (730818)...
Fetching villages for Dua Boccoe (730819)...
Fetching villages for Cenrana (730820)...
Fetching villages for Tanete Riattang (730821)...
Fetching villages for Tanete Riattang Barat (730822)...
Fetching villages for Tanete Riattang Timur (730823)...
Fetching villages for Amali (730824)...
Fetching villages for Tellulimpoe (730825)...
Fetching villages for Bengo (730826)...
Fetching villages for Patimpeng (730827)...
Fetching villages for Mandai (730901)...
Fetching villages for Camba (730902)...
Fetching villages for Bantimurung (730903)...
Fetching villages for Maros Baru (730904)...
Fetching villages for Bontoa (730905)...
Fetching villages for Malllawa (730906)...
Fetching villages for Tanralili (730907)...
Fetching villages for Marusu (730908)...
Fetching villages for Simbang (730909)...
Fetching villages for Cenrana (730910)...
Fetching villages for Tompobulu (730911)...
Fetching villages for Lau (730912)...
Fetching villages for Moncong Loe (730913)...
Fetching villages for Turikale (730914)...
Fetching villages for Liukang Tangaya (731001)...
Fetching villages for Liukang Kalmas (731002)...
Fetching villages for Liukang Tupabbiring (731003)...
Fetching villages for Pangkajene (731004)...
Fetching villages for Balocci (731005)...
Fetching villages for Bungoro (731006)...
Fetching villages for Labakkang (731007)...
Fetching villages for Marang (731008)...
Fetching villages for Segeri (731009)...
Fetching villages for Minasa Tene (731010)...
Fetching villages for Mandalle (731011)...
Fetching villages for Tondong Tallasa (731012)...
Fetching villages for Liukang Tupabbiring Utara (731013)...
Fetching villages for Tanete Riaja (731101)...
Fetching villages for Tanete Rilau (731102)...
Fetching villages for Barru (731103)...
Fetching villages for Soppeng Riaja (731104)...
Fetching villages for Mallusetasi (731105)...
Fetching villages for Pujananting (731106)...
Fetching villages for Balusu (731107)...
Fetching villages for Marioriwawo (731201)...
Fetching villages for Liliraja (731202)...
Fetching villages for Lilirilau (731203)...
Fetching villages for Lalabata (731204)...
Fetching villages for Marioriawa (731205)...
Fetching villages for Donri Donri (731206)...
Fetching villages for Ganra (731207)...
Fetching villages for Citta (731208)...
Fetching villages for Sabangparu (731301)...
Fetching villages for Pammana (731302)...
Fetching villages for Takkalalla (731303)...
Fetching villages for Sajoanging (731304)...
Fetching villages for Majauleng (731305)...
Fetching villages for Tempe (731306)...
Fetching villages for Belawa (731307)...
Fetching villages for Tanasitolo (731308)...
Fetching villages for Maniangpajo (731309)...
Fetching villages for Pitumpanua (731310)...
Fetching villages for Bola (731311)...
Fetching villages for Penrang (731312)...
Fetching villages for Gilireng (731313)...
Fetching villages for Keera (731314)...
Fetching villages for Panca Lautan (731401)...
Fetching villages for Tellu Limpoe (731402)...
Fetching villages for Watang Pulu (731403)...
Fetching villages for Baranti (731404)...
Fetching villages for Panca Rijang (731405)...
Fetching villages for Kulo (731406)...
Fetching villages for Maritengngae (731407)...
Fetching villages for WT. Sidenreng (731408)...
Fetching villages for Dua Pitue (731409)...
Fetching villages for Pitu Riawa (731410)...
Fetching villages for Pitu Raise (731411)...
Fetching villages for Matirro Sompe (731501)...
Fetching villages for Suppa (731502)...
Fetching villages for Mattiro Bulu (731503)...
Fetching villages for Watang Sawito (731504)...
Fetching villages for Patampanua (731505)...
Retrying https://ibnux.github.io/data-indonesia/kelurahan/731505.json due to error (3 attempts left)...
Fetching villages for Duampanua (731506)...
Fetching villages for Lembang (731507)...
Fetching villages for Cempa (731508)...
Fetching villages for Tiroang (731509)...
Fetching villages for Lansirang (731510)...
Fetching villages for Paleteang (731511)...
Fetching villages for Batu Lappa (731512)...
Fetching villages for Maiwa (731601)...
Retrying https://ibnux.github.io/data-indonesia/kelurahan/731601.json due to error (3 attempts left)...
Fetching villages for Enrekang (731602)...
Fetching villages for Baraka (731603)...
Fetching villages for Anggeraja (731604)...
Fetching villages for Alla (731605)...
Fetching villages for Bungin (731606)...
Fetching villages for Cendana (731607)...
Fetching villages for Curio (731608)...
Retrying https://ibnux.github.io/data-indonesia/kelurahan/731608.json due to error (3 attempts left)...
Fetching villages for Malua (731609)...
Fetching villages for Buntu Batu (731610)...
Fetching villages for Masalle (731611)...
Fetching villages for Baroko (731612)...
Fetching villages for Basse Sangtempe (731701)...
Fetching villages for Larompong (731702)...
Fetching villages for Suli (731703)...
Retrying https://ibnux.github.io/data-indonesia/kelurahan/731703.json due to error (3 attempts left)...
Fetching villages for Bajo (731704)...
Fetching villages for Bua Ponrang (731705)...
Fetching villages for Walenrang (731706)...
Fetching villages for Belopa (731707)...
Fetching villages for Bua (731708)...
Fetching villages for Lamasi (731709)...
Fetching villages for Larompong Selatan (731710)...
Retrying https://ibnux.github.io/data-indonesia/kelurahan/731710.json due to error (3 attempts left)...
Fetching villages for Ponrang (731711)...
Fetching villages for Latimojong (731712)...
Fetching villages for Kamanre (731713)...
Fetching villages for Belopa Utara (731714)...
Fetching villages for Walenrang Barat (731715)...
Fetching villages for Walenrang Utara (731716)...
Fetching villages for Walenrang Timur (731717)...
Fetching villages for Lamasi Timur (731718)...
Retrying https://ibnux.github.io/data-indonesia/kelurahan/731718.json due to error (3 attempts left)...
Fetching villages for Suli Barat (731719)...
Fetching villages for Bajo Barat (731720)...
Fetching villages for Ponrang Selatan (731721)...
Fetching villages for Basse Sangtempe Utara (731722)...
Fetching villages for Saluputi (731801)...
Fetching villages for Bittuang (731802)...
Fetching villages for Bonggakaradeng (731803)...
Fetching villages for Makale (731805)...
Retrying https://ibnux.github.io/data-indonesia/kelurahan/731805.json due to error (3 attempts left)...
Fetching villages for Simbuang (731809)...
Fetching villages for Rantetayo (731811)...
Fetching villages for Mengkendek (731812)...
Fetching villages for Sangalla (731813)...
Fetching villages for Gandangbatu Sillanan (731819)...
Fetching villages for Rembon (731820)...
Fetching villages for Makale Utara (731827)...
Fetching villages for Mappak (731828)...
Fetching villages for Makale Selatan (731829)...
Fetching villages for Masanda (731831)...
Fetching villages for Sangalla Selatan (731833)...
Fetching villages for Sangalla Utara (731834)...
Fetching villages for Malimbong Balepe (731835)...
Fetching villages for Rano (731837)...
Fetching villages for Kurra (731838)...
Fetching villages for Malangke (732201)...
Fetching villages for Bone Bone (732202)...
Fetching villages for Masamba (732203)...
Fetching villages for Sabbang (732204)...
Retrying https://ibnux.github.io/data-indonesia/kelurahan/732204.json due to timeout (3 attempts left)...
Retrying https://ibnux.github.io/data-indonesia/kelurahan/732204.json due to error (3 attempts left)...
Fetching villages for Limbong (732205)...
Fetching villages for Sukamaju (732206)...
Fetching villages for Seko (732207)...
Fetching villages for Malangke Barat (732208)...
Fetching villages for Rampi (732209)...
Fetching villages for Mappedeceng (732210)...
Fetching villages for Baebunta (732211)...
Fetching villages for Tana Lili (732212)...
Fetching villages for Sukamaju Selatan (732213)...
Fetching villages for Baebunta Selatan (732214)...
Retrying https://ibnux.github.io/data-indonesia/kelurahan/732214.json due to error (3 attempts left)...
Fetching villages for Sabbang Selatan (732215)...
Fetching villages for BURAU (7325010)...
Fetching villages for WOTU (7325020)...
Fetching villages for TOMONI (7325030)...
Fetching villages for TOMONI TIMUR (7325031)...
Fetching villages for ANGKONA (7325040)...
Fetching villages for MALILI (7325050)...
Fetching villages for TOWUTI (7325060)...
Retrying https://ibnux.github.io/data-indonesia/kelurahan/7325060.json due to error (3 attempts left)...
Fetching villages for NUHA (7325070)...
Fetching villages for WASUPONDA (7325071)...
Fetching villages for MANGKUTANA (7325080)...
Fetching villages for KALAENA (7325081)...
Fetching villages for Rantepao (732601)...
Fetching villages for Sesean (732602)...
Fetching villages for Nanggala (732603)...
Fetching villages for Rindingallo (732604)...
Retrying https://ibnux.github.io/data-indonesia/kelurahan/732604.json due to error (3 attempts left)...
Fetching villages for Buntao (732605)...
Fetching villages for Sa'dan (732606)...
Fetching villages for Sanggalangi (732607)...
Fetching villages for Sopai (732608)...
Fetching villages for Tikala (732609)...
Fetching villages for Balusu (732610)...
Fetching villages for Tallunglipu (732611)...
Fetching villages for Dende' Piongan Napo (732612)...
Fetching villages for Buntu Pepasan (732613)...
Fetching villages for Baruppu (732614)...
Fetching villages for Kesu (732615)...
Fetching villages for Tondon (732616)...
Fetching villages for Bangkelekila (732617)...
Fetching villages for Rantebua (732618)...
Fetching villages for Sesean Suloara (732619)...
Fetching villages for Kapala Pitu (732620)...
Fetching villages for Awan Rante Karua (732621)...
Fetching villages for Mariso (737101)...
Fetching villages for Mamajang (737102)...
Fetching villages for Makassar (737103)...
Fetching villages for Ujung Pandang (737104)...
Fetching villages for Wajo (737105)...
Retrying https://ibnux.github.io/data-indonesia/kelurahan/737105.json due to error (3 attempts left)...
Fetching villages for Bontoala (737106)...
Fetching villages for Tallo (737107)...
Fetching villages for Ujung Tanah (737108)...
Fetching villages for Panakkukang (737109)...
Fetching villages for Tamalate (737110)...
Fetching villages for Biringkanaya (737111)...
Fetching villages for Manggala (737112)...
Retrying https://ibnux.github.io/data-indonesia/kelurahan/737112.json due to error (3 attempts left)...
Fetching villages for Rappocini (737113)...
Fetching villages for Tamalanrea (737114)...
Fetching villages for Kepulauan Sangkarrang (737115)...
Fetching villages for Bacukiki (737201)...
Fetching villages for Ujung (737202)...
Fetching villages for Soreang (737203)...
Fetching villages for Bacukiki Barat (737204)...
Retrying https://ibnux.github.io/data-indonesia/kelurahan/737204.json due to error (3 attempts left)...
Fetching villages for Wara (737301)...
Fetching villages for Wara Utara (737302)...
Fetching villages for Wara Selatan (737303)...
Fetching villages for Telluwanua (737304)...
Fetching villages for Wara Timur (737305)...
Fetching villages for Wara Barat (737306)...
Fetching villages for Sendana (737307)...
Fetching villages for Mungkajang (737308)...
Retrying https://ibnux.github.io/data-indonesia/kelurahan/737308.json due to error (3 attempts left)...
Fetching villages for Bara (737309)...
Fetching villages for Wundulako (740101)...
Fetching villages for Kolaka (740104)...
Fetching villages for Pomalaa (740107)...
Fetching villages for Watubangga (740108)...
Fetching villages for Wolo (740110)...
Fetching villages for Baula (740112)...
Fetching villages for Latambaga (740114)...
Fetching villages for Tanggetada (740118)...
Fetching villages for Samaturu (740120)...
Fetching villages for Toari (740124)...
Fetching villages for Polinggona (740125)...
Retrying https://ibnux.github.io/data-indonesia/kelurahan/740125.json due to error (3 attempts left)...
Fetching villages for Iwoimendaa (740127)...
Fetching villages for Lambuya (740201)...
Fetching villages for Unaaha (740202)...
Fetching villages for Wawotobi (740203)...
Fetching villages for Pondidaha (740204)...
Fetching villages for Sampara (740205)...
Fetching villages for Abuki (740210)...
Retrying https://ibnux.github.io/data-indonesia/kelurahan/740210.json due to error (3 attempts left)...
Fetching villages for Soropia (740211)...
Fetching villages for Tongauna (740215)...
Fetching villages for Latoma (740216)...
Fetching villages for Puriala (740217)...
Fetching villages for Uepai (740218)...
Fetching villages for Wonggeduku (740219)...
Fetching villages for Besulutu (740220)...
Retrying https://ibnux.github.io/data-indonesia/kelurahan/740220.json due to error (3 attempts left)...
Fetching villages for Bondoala (740221)...
Fetching villages for Routa (740223)...
Fetching villages for Anggaberi (740224)...
Fetching villages for Meluhu (740225)...
Fetching villages for Amonggedo (740228)...
Fetching villages for Asinua (740231)...
Fetching villages for Konawe (740232)...
Fetching villages for Kapoiala (740233)...
Retrying https://ibnux.github.io/data-indonesia/kelurahan/740233.json due to error (3 attempts left)...
Fetching villages for Lalonggasumeeto (740236)...
Fetching villages for Onembute (740237)...
Fetching villages for Padangguni (740238)...
Fetching villages for Morosi (740239)...
Fetching villages for Anggalomoare (740240)...
Fetching villages for Wonggeduku Barat (740241)...
Fetching villages for Napabalano (740306)...
Fetching villages for Maligano (740307)...
Fetching villages for Wakorumba Selatan (740313)...
Fetching villages for Lasalepa (740314)...
Fetching villages for Batalaiwaru (740315)...
Fetching villages for Katobu (740316)...
Fetching villages for Duruka (740317)...
Fetching villages for Lohia (740318)...
Fetching villages for Watopute (740319)...
Fetching villages for Kontunaga (740320)...
Fetching villages for Kabangka (740323)...
Retrying https://ibnux.github.io/data-indonesia/kelurahan/740323.json due to error (3 attempts left)...
Fetching villages for Kabawo (740324)...
Fetching villages for Parigi (740325)...
Fetching villages for Bone (740326)...
Fetching villages for Tongkuno (740327)...
Fetching villages for Pasir Putih (740328)...
Fetching villages for Kontu Kowuna (740330)...
Fetching villages for Marobo (740331)...
Fetching villages for Tongkuno Selatan (740332)...
Retrying https://ibnux.github.io/data-indonesia/kelurahan/740332.json due to error (3 attempts left)...
Fetching villages for Pasi Kolaga (740333)...
Fetching villages for Batukara (740334)...
Fetching villages for Towea (740337)...
Fetching villages for Pasarwajo (740411)...
Fetching villages for Kapontori (740422)...
Fetching villages for Lasalimu (740423)...
Fetching villages for Lasalimu Selatan (740424)...
Fetching villages for Siotapina (740427)...
Retrying https://ibnux.github.io/data-indonesia/kelurahan/740427.json due to error (3 attempts left)...
Fetching villages for Wolowa (740428)...
Fetching villages for Wabula (740429)...
Fetching villages for Tinanggea (740501)...
Fetching villages for Angata (740502)...
Fetching villages for Andoolo (740503)...
Fetching villages for Palangga (740504)...
Fetching villages for Landono (740505)...
Retrying https://ibnux.github.io/data-indonesia/kelurahan/740505.json due to timeout (3 attempts left)...
Retrying https://ibnux.github.io/data-indonesia/kelurahan/740505.json due to error (3 attempts left)...
Fetching villages for Lainea (740506)...
Fetching villages for Konda (740507)...
Fetching villages for Ranomeeto (740508)...
Fetching villages for Kolono (740509)...
Fetching villages for Moramo (740510)...
Fetching villages for Laonti (740511)...
Fetching villages for Lalembuu (740512)...
Fetching villages for Benua (740513)...
Fetching villages for Palangga Selatan (740514)...
Fetching villages for Mowila (740515)...
Retrying https://ibnux.github.io/data-indonesia/kelurahan/740515.json due to error (3 attempts left)...
Fetching villages for Moramo Utara (740516)...
Fetching villages for Buke (740517)...
Fetching villages for Wolasi (740518)...
Fetching villages for Laeya (740519)...
Fetching villages for Baito (740520)...
Fetching villages for Basala (740521)...
Fetching villages for Ranomeeto Barat (740522)...
Fetching villages for Kolono Timur (740523)...
Retrying https://ibnux.github.io/data-indonesia/kelurahan/740523.json due to error (3 attempts left)...
Fetching villages for Sabulakoa (740524)...
Fetching villages for Andoolo Barat (740525)...
Fetching villages for Poleang (740601)...
Fetching villages for Poleang Timur (740602)...
Fetching villages for Rarowatu (740603)...
Fetching villages for Rumbia (740604)...
Fetching villages for Kabaena (740605)...
Fetching villages for Kabaena Timur (740606)...
Fetching villages for Poleang Barat (740607)...
Fetching villages for Mata Oleo (740608)...
Fetching villages for Rarowatu Utara (740609)...
Fetching villages for Poleang Utara (740610)...
Fetching villages for Poleang Selatan (740611)...
Fetching villages for Poleang Tenggara (740612)...
Fetching villages for Kabaena Selatan (740613)...
Fetching villages for Kabaena Barat (740614)...
Fetching villages for Kabaena Utara (740615)...
Fetching villages for Kabaena Tengah (740616)...
Fetching villages for Kep. Masaloka Raya (740617)...
Fetching villages for Rumbia Tengah (740618)...
Fetching villages for Poleang Tengah (740619)...
Fetching villages for Tontonunu (740620)...
Fetching villages for Lantari Jaya (740621)...
Fetching villages for Mata Usu (740622)...
Fetching villages for Wangi-Wangi (740701)...
Fetching villages for Kaledupa (740702)...
Fetching villages for Tomia (740703)...
Fetching villages for Binongko (740704)...
Fetching villages for Wangi Wangi Selatan (740705)...
Fetching villages for Kaledupa Selatan (740706)...
Fetching villages for Tomia Timur (740707)...
Fetching villages for Togo Binongko (740708)...
Fetching villages for Lasusua (740801)...
Fetching villages for Pakue (740802)...
Fetching villages for Batu Putih (740803)...
Fetching villages for Rante Angin (740804)...
Fetching villages for Kodeoha (740805)...
Fetching villages for Ngapa (740806)...
Fetching villages for Wawo (740807)...
Fetching villages for Lambai (740808)...
Fetching villages for Watunohu (740809)...
Fetching villages for Pakue Tengah (740810)...
Fetching villages for Pakue Utara (740811)...
Fetching villages for Porehu (740812)...
Fetching villages for Katoi (740813)...
Fetching villages for Tiwu (740814)...
Fetching villages for Tolala (740815)...
Fetching villages for Asera (740901)...
Fetching villages for Wiwirano (740902)...
Fetching villages for Langgikima (740903)...
Fetching villages for Molawe (740904)...
Fetching villages for Lasolo (740905)...
Retrying https://ibnux.github.io/data-indonesia/kelurahan/740905.json due to error (3 attempts left)...
Fetching villages for Lembo (740906)...
Fetching villages for Sawa (740907)...
Fetching villages for Oheo (740908)...
Fetching villages for Andowia (740909)...
Fetching villages for Motui (740910)...
Fetching villages for Wawolesea (740911)...
Fetching villages for Lasolo Kepulauan (740912)...
Fetching villages for Landawe (740913)...
Fetching villages for Kulisusu (741001)...
Fetching villages for Kambowa (741002)...
Fetching villages for Bonegunu (741003)...
Fetching villages for Kulisusu Barat (741004)...
Fetching villages for Kulisusu Utara (741005)...
Fetching villages for Wakorumba Utara (741006)...
Fetching villages for Tirawuta (741101)...
Fetching villages for Loea (741102)...
Fetching villages for Ladongi (741103)...
Fetching villages for Poli Polia (741104)...
Fetching villages for Lambandia (741105)...
Fetching villages for Lalolae (741106)...
Fetching villages for Mowewe (741107)...
Fetching villages for Uluiwoi (741108)...
Fetching villages for Tinondo (741109)...
Fetching villages for Aere (741110)...
Fetching villages for Ueesi (741111)...
Fetching villages for Dangia (741112)...
Fetching villages for Wawonii Barat (741201)...
Fetching villages for Wawonii Utara (741202)...
Fetching villages for Wawonii Timur Laut (741203)...
Fetching villages for Wawonii Timur (741204)...
Fetching villages for Wawonii Tenggara (741205)...
Fetching villages for Wawonii Selatan (741206)...
Fetching villages for Wawonii Tengah (741207)...
Fetching villages for Sawerigadi (741301)...
Fetching villages for Barangka (741302)...
Fetching villages for Lawa (741303)...
Fetching villages for Wadaga (741304)...
Fetching villages for Tiworo Selatan (741305)...
Fetching villages for Maginti (741306)...
Fetching villages for Tiworo Tengah (741307)...
Fetching villages for Tiworo Utara (741308)...
Fetching villages for Tiworo Kepulauan (741309)...
Fetching villages for Kusambi (741310)...
Fetching villages for Napano Kusambi (741311)...
Fetching villages for Lakudo (741401)...
Fetching villages for Mawasangka Timur (741402)...
Fetching villages for Mawasangka Tengah (741403)...
Fetching villages for Mawasangka (741404)...
Fetching villages for Talaga Raya (741405)...
Fetching villages for Gu (741406)...
Fetching villages for Sangia Wambulu (741407)...
Fetching villages for Batauga (741501)...
Fetching villages for Sampolawa (741502)...
Fetching villages for Lapandewa (741503)...
Fetching villages for Batu Atas (741504)...
Fetching villages for Siompu Barat (741505)...
Fetching villages for Siompu (741506)...
Fetching villages for Kadatua (741507)...
Fetching villages for Mandonga (747101)...
Fetching villages for Kendari (747102)...
Fetching villages for Baruga (747103)...
Fetching villages for Poasia (747104)...
Fetching villages for Kendari Barat (747105)...
Fetching villages for Abeli (747106)...
Fetching villages for Wua-Wua (747107)...
Fetching villages for Kadia (747108)...
Fetching villages for Puuwatu (747109)...
Fetching villages for Kambu (747110)...
Fetching villages for Betoambari (747201)...
Fetching villages for Wolio (747202)...
Fetching villages for Sorawolio (747203)...
Fetching villages for Bungi (747204)...
Fetching villages for Kokalukuna (747205)...
Fetching villages for Murhum (747206)...
Fetching villages for Lea-Lea (747207)...
Fetching villages for Batupoaro (747208)...
Fetching villages for Limboto (750101)...
Fetching villages for Telaga (750102)...
Fetching villages for Batudaa (750103)...
Fetching villages for Tibawa (750104)...
Fetching villages for Batudaa Pantai (750105)...
Fetching villages for Boliyohuto (750109)...
Fetching villages for Telaga Biru (750110)...
Fetching villages for Bongomeme (750111)...
Fetching villages for Tolangohula (750113)...
Fetching villages for Mootilango (750114)...
Fetching villages for Pulubala (750116)...
Fetching villages for Limboto Barat (750117)...
Fetching villages for Tilango (750118)...
Fetching villages for Tabongo (750119)...
Fetching villages for Biluhu (750120)...
Fetching villages for Asparaga (750121)...
Fetching villages for Talaga Jaya (750122)...
Fetching villages for Bilato (750123)...
Fetching villages for Dungaliyo (750124)...
Fetching villages for Paguyaman (750201)...
Fetching villages for Wonosari (750202)...
Fetching villages for Dulupi (750203)...
Fetching villages for Tilamuta (750204)...
Fetching villages for Mananggu (750205)...
Fetching villages for Botumoita (750206)...
Fetching villages for Paguyaman Pantai (750207)...
Fetching villages for Tapa (750301)...
Fetching villages for Kabila (750302)...
Fetching villages for Suwawa (750303)...
Fetching villages for Bonepantai (750304)...
Fetching villages for Bulango Utara (750305)...
Fetching villages for Tilongkabila (750306)...
Fetching villages for Botupingge (750307)...
Fetching villages for Kabila Bone (750308)...
Fetching villages for Bone (750309)...
Fetching villages for Bone Raya (750310)...
Fetching villages for Suwawa Timur (750311)...
Fetching villages for Suwawa Selatan (750312)...
Fetching villages for Suwawa Tengah (750313)...
Fetching villages for Bulango Ulu (750314)...
Fetching villages for Bulango Selatan (750315)...
Fetching villages for Bulango Timur (750316)...
Fetching villages for Bulawa (750317)...
Fetching villages for Pinogu (750318)...
Fetching villages for Popayato (750401)...
Fetching villages for Lemito (750402)...
Fetching villages for Randangan (750403)...
Fetching villages for Marisa (750404)...
Fetching villages for Paguat (750405)...
Fetching villages for Patilanggio (750406)...
Fetching villages for Taluditi (750407)...
Fetching villages for Dengilo (750408)...
Fetching villages for Buntulia (750409)...
Fetching villages for Duhiadaa (750410)...
Fetching villages for Wanggarasi (750411)...
Fetching villages for Popayato Timur (750412)...
Fetching villages for Popayato Barat (750413)...
Fetching villages for Atinggola (750501)...
Fetching villages for Kwandang (750502)...
Fetching villages for Anggrek (750503)...
Fetching villages for Sumalata (750504)...
Fetching villages for Tolinggula (750505)...
Fetching villages for Gentuma Raya (750506)...
Fetching villages for Tomolito (750507)...
Fetching villages for Ponelo Kepulauan (750508)...
Fetching villages for Monano (750509)...
Fetching villages for Biau (750510)...
Fetching villages for Sumalata Timur (750511)...
Fetching villages for Kota Barat (757101)...
Fetching villages for Kota Selatan (757102)...
Fetching villages for Kota Utara (757103)...
Fetching villages for Dungingi (757104)...
Fetching villages for Kota Timur (757105)...
Fetching villages for Kota Tengah (757106)...
Fetching villages for Sipatana (757107)...
Fetching villages for Dumbo Raya (757108)...
Fetching villages for Hulonthalangi (757109)...
Fetching villages for Bambalamotu (760101)...
Fetching villages for Pasangkayu (760102)...
Fetching villages for Baras (760103)...
Fetching villages for Sarudu (760104)...
Fetching villages for Dapurang (760105)...
Fetching villages for Duripoku (760106)...
Fetching villages for Bulu Taba (760107)...
Fetching villages for Tikke Raya (760108)...
Fetching villages for Pedongga (760109)...
Fetching villages for Bambaira (760110)...
Fetching villages for Sarjo (760111)...
Fetching villages for Lariang (760112)...
Fetching villages for Mamuju (760201)...
Fetching villages for Tapalang (760202)...
Fetching villages for Kalukku (760203)...
Fetching villages for Kalumpang (760204)...
Fetching villages for Papalang (760207)...
Fetching villages for Sampaga (760208)...
Fetching villages for Tommo (760211)...
Fetching villages for Simboro dan Kepulauan (760212)...
Fetching villages for Tapalang Barat (760213)...
Fetching villages for Bonehau (760215)...
Fetching villages for Kep. Bala Balakang (760216)...
Fetching villages for Mambi (760301)...
Fetching villages for Aralle (760302)...
Fetching villages for Mamasa (760303)...
Fetching villages for Pana (760304)...
Fetching villages for Tabulahan (760305)...
Fetching villages for Sumarorong (760306)...
Fetching villages for Messawa (760307)...
Fetching villages for Sesenapadang (760308)...
Fetching villages for Tanduk Kalua (760309)...
Fetching villages for Tabang (760310)...
Fetching villages for Bambang (760311)...
Fetching villages for Balla (760312)...
Fetching villages for Nosu (760313)...
Fetching villages for Tawalian (760314)...
Fetching villages for Rantebulahan Timur (760315)...
Fetching villages for Buntumalangka (760316)...
Fetching villages for Mehalaan (760317)...
Fetching villages for Tinambung (760401)...
Fetching villages for Campalagian (760402)...
Fetching villages for Wonomulyo (760403)...
Fetching villages for Polewali (760404)...
Fetching villages for Tutar (760405)...
Fetching villages for Binuang (760406)...
Fetching villages for Tapango (760407)...
Fetching villages for Mapilli (760408)...
Fetching villages for Matangnga (760409)...
Fetching villages for Luyo (760410)...
Fetching villages for Limboro (760411)...
Fetching villages for Balanipa (760412)...
Fetching villages for Anreapi (760413)...
Fetching villages for Matakali (760414)...
Fetching villages for Allu (760415)...
Fetching villages for Bulo (760416)...
Fetching villages for Banggae (760501)...
Fetching villages for Pamboang (760502)...
Fetching villages for Sendana (760503)...
Fetching villages for Malunda (760504)...
Fetching villages for Ulumanda (760505)...
Fetching villages for Tammerodo Sendana (760506)...
Fetching villages for Tubo Sendana (760507)...
Fetching villages for Banggae Timur (760508)...
Fetching villages for Tobadak (760601)...
Fetching villages for Pangale (760602)...
Fetching villages for Budong-Budong (760603)...
Fetching villages for Topoyo (760604)...
Fetching villages for Karossa (760605)...
Fetching villages for Amahai (810101)...
Fetching villages for Teon Nila Serua (810102)...
Fetching villages for Seram Utara (810106)...
Fetching villages for Banda (810109)...
Fetching villages for Tehoru (810111)...
Fetching villages for Saparua (810112)...
Fetching villages for Pulau Haruku (810113)...
Fetching villages for Salahutu (810114)...
Fetching villages for Leihitu (810115)...
Fetching villages for Nusa Laut (810116)...
Fetching villages for Kota Masohi (810117)...
Fetching villages for Seram Utara Barat (810120)...
Fetching villages for Teluk Elpaputih (810121)...
Fetching villages for Leihitu Barat (810122)...
Fetching villages for Telutih (810123)...
Fetching villages for Seram Utara Timur Seti (810124)...
Fetching villages for Seram Utara Timur Kobi (810125)...
Fetching villages for Saparua Timur (810126)...
Fetching villages for Kei Kecil (810201)...
Fetching villages for Kei Besar (810203)...
Fetching villages for Kei Besar Selatan (810204)...
Fetching villages for Kei Besar Utara Timur (810205)...
Fetching villages for Kei Kecil Timur (810213)...
Fetching villages for Kei Kecil Barat (810214)...
Fetching villages for Manyeuw (810215)...
Fetching villages for Hoat Sorbay (810216)...
Fetching villages for Kei Besar Utara Barat (810217)...
Fetching villages for Kei Besar Selatan Barat (810218)...
Fetching villages for Kei Kecil Timur Selatan (810219)...
Fetching villages for Tanimbar Selatan (810301)...
Fetching villages for Selaru (810302)...
Fetching villages for Wer Tamrian (810303)...
Fetching villages for Wer Maktian (810304)...
Fetching villages for Tanimbar Utara (810305)...
Fetching villages for Yaru (810306)...
Fetching villages for Wuar Labobar (810307)...
Fetching villages for Kormomolin (810308)...
Fetching villages for Nirunmas (810309)...
Fetching villages for Molu Maru (810318)...
Fetching villages for Namlea (810401)...
Fetching villages for Air Buaya (810402)...
Fetching villages for Waeapo (810403)...
Fetching villages for Waplau (810406)...
Fetching villages for Batabual (810410)...
Fetching villages for Lolong Guba (810411)...
Fetching villages for Waelata (810412)...
Fetching villages for Fena Leisela (810413)...
Fetching villages for Teluk Kaiely (810414)...
Fetching villages for Lilialy (810415)...
Fetching villages for Bula (810501)...
Fetching villages for Seram Timur (810502)...
Fetching villages for Werinama (810503)...
Fetching villages for Pulau Gorom (810504)...
Fetching villages for Wakate (810505)...
Fetching villages for Tutuk Tolu (810506)...
Fetching villages for Siwalalat (810507)...
Fetching villages for Kilmury (810508)...
Fetching villages for Pulau Panjang (810509)...
Fetching villages for Teor (810510)...
Fetching villages for Gorom Timur (810511)...
Fetching villages for Bula Barat (810512)...
Fetching villages for Kian Darat (810513)...
Fetching villages for Siritaun Wida Timur (810514)...
Fetching villages for Teluk Waru (810515)...
Fetching villages for Kairatu (810601)...
Fetching villages for Seram Barat (810602)...
Fetching villages for Taniwel (810603)...
Fetching villages for Huamual Belakang (810604)...
Fetching villages for Amalatu (810605)...
Fetching villages for Inamosol (810606)...
Fetching villages for Kairatu Barat (810607)...
Fetching villages for Huamual (810608)...
Fetching villages for Kepulauan Manipa (810609)...
Fetching villages for Taniwel Timur (810610)...
Fetching villages for Elpaputih (810611)...
Fetching villages for Pulau-Pulau Aru (810701)...
Fetching villages for Aru Selatan (810702)...
Fetching villages for Aru Tengah (810703)...
Fetching villages for Aru Utara (810704)...
Fetching villages for Aru Utara Timur Batuley (810705)...
Fetching villages for Sir-Sir (810706)...
Fetching villages for Aru Tengah Timur (810707)...
Fetching villages for Aru Tengah Selatan (810708)...
Fetching villages for Aru Selatan Timur (810709)...
Fetching villages for Aru Selatan Utara (810710)...
Fetching villages for Moa Lakor (810801)...
Fetching villages for Damer (810802)...
Fetching villages for Mndona Hiera (810803)...
Fetching villages for Pulau-Pulau Babar (810804)...
Fetching villages for Pulau-pulau Babar Timur (810805)...
Fetching villages for Wetar (810806)...
Fetching villages for Pulau-pulau Terselatan (810807)...
Fetching villages for Pulau Leti (810808)...
Fetching villages for Pulau Masela (810809)...
Fetching villages for Dawelor Dawera (810810)...
Fetching villages for Pulau Wetang (810811)...
Fetching villages for Pulau Lakor (810812)...
Fetching villages for Wetar Utara (810813)...
Fetching villages for Wetar Barat (810814)...
Fetching villages for Wetar Timur (810815)...
Fetching villages for Kepulauan Romang (810816)...
Fetching villages for Kisar Utara (810817)...
Fetching villages for Namrole (810901)...
Fetching villages for Waesama (810902)...
Fetching villages for Ambalau (810903)...
Fetching villages for Kepala Madan (810904)...
Fetching villages for Leksula (810905)...
Fetching villages for Fena Fafan (810906)...
Fetching villages for Nusaniwe (817101)...
Fetching villages for Sirimau (817102)...
Fetching villages for Baguala (817103)...
Fetching villages for Teluk Ambon (817104)...
Fetching villages for Leitimur Selatan (817105)...
Fetching villages for Pulau Dullah Utara (817201)...
Fetching villages for Pulau Dullah Selatan (817202)...
Fetching villages for Tayando Tam (817203)...
Fetching villages for Pulau-Pulau Kur (817204)...
Fetching villages for Kur Selatan (817205)...
Fetching villages for Jailolo (820101)...
Fetching villages for Loloda (820102)...
Fetching villages for Ibu (820103)...
Fetching villages for Sahu (820104)...
Fetching villages for Jailolo Selatan (820105)...
Fetching villages for Ibu Utara (820107)...
Fetching villages for Ibu Selatan (820108)...
Fetching villages for Sahu Timur (820109)...
Fetching villages for Weda (820201)...
Fetching villages for Patani (820202)...
Fetching villages for Pulau Gebe (820203)...
Fetching villages for Weda Utara (820204)...
Fetching villages for Weda Selatan (820205)...
Fetching villages for Patani Utara (820206)...
Fetching villages for Weda Tengah (820207)...
Fetching villages for Patani Barat (820208)...
Fetching villages for Weda Timur (820209)...
Fetching villages for Patani Timur (820210)...
Fetching villages for Galela (820304)...
Fetching villages for Tobelo (820305)...
Fetching villages for Tobelo Selatan (820306)...
Fetching villages for Kao (820307)...
Fetching villages for Malifut (820308)...
Fetching villages for Loloda Utara (820309)...
Fetching villages for Tobelo Utara (820310)...
Fetching villages for Tobelo Tengah (820311)...
Fetching villages for Tobelo Timur (820312)...
Fetching villages for Tobelo Barat (820313)...
Fetching villages for Galela Barat (820314)...
Fetching villages for Galela Utara (820315)...
Fetching villages for Galela Selatan (820316)...
Fetching villages for Loloda Kepulauan (820319)...
Fetching villages for Kao Utara (820320)...
Fetching villages for Kao Barat (820321)...
Fetching villages for Kao Teluk (820322)...
Fetching villages for Pulau Makian (820401)...
Fetching villages for Kayoa (820402)...
Fetching villages for Gane Timur (820403)...
Fetching villages for Gane Barat (820404)...
Fetching villages for Obi Selatan (820405)...
Fetching villages for Obi (820406)...
Fetching villages for Bacan Timur (820407)...
Fetching villages for Bacan (820408)...
Fetching villages for Bacan Barat (820409)...
Fetching villages for Makian Barat (820410)...
Fetching villages for Kayoa Barat (820411)...
Fetching villages for Kayoa Selatan (820412)...
Fetching villages for Kayoa Utara (820413)...
Fetching villages for Bacan Barat Utara (820414)...
Fetching villages for Kasiruta Barat (820415)...
Fetching villages for Kasiruta Timur (820416)...
Fetching villages for Bacan Selatan (820417)...
Fetching villages for Kepulauan Botanglomang (820418)...
Fetching villages for Mandioli Selatan (820419)...
Fetching villages for Mandioli Utara (820420)...
Fetching villages for Bacan Timur Selatan (820421)...
Fetching villages for Bacan Timur Tengah (820422)...
Fetching villages for Gane Barat Selatan (820423)...
Fetching villages for Gane Barat Utara (820424)...
Fetching villages for Kepulauan Joronga (820425)...
Fetching villages for Gane Timur Selatan (820426)...
Fetching villages for Gane Timur Tengah (820427)...
Fetching villages for Obi Barat (820428)...
Fetching villages for Obi Timur (820429)...
Fetching villages for Obi Utara (820430)...
Fetching villages for Mangoli Timur (820501)...
Fetching villages for Sanana (820502)...
Fetching villages for Sulabesi Barat (820503)...
Fetching villages for Mangoli Barat (820506)...
Fetching villages for Sulabesi Tengah (820507)...
Fetching villages for Sulabesi Timur (820508)...
Fetching villages for Sulabesi Selatan (820509)...
Fetching villages for Mangoli Utara Timur (820510)...
Fetching villages for Mangoli Tengah (820511)...
Fetching villages for Mangoli Selatan (820512)...
Fetching villages for Mangoli Utara (820513)...
Fetching villages for Sanana Utara (820518)...
Fetching villages for Wasile (820601)...
Fetching villages for Maba (820602)...
Fetching villages for Maba Selatan (820603)...
Fetching villages for Wasile Selatan (820604)...
Fetching villages for Wasile Tengah (820605)...
Fetching villages for Wasile Utara (820606)...
Fetching villages for Wasile Timur (820607)...
Fetching villages for Maba Tengah (820608)...
Fetching villages for Maba Utara (820609)...
Fetching villages for Kota Maba (820610)...
Fetching villages for Morotai Selatan (820701)...
Fetching villages for Morotai Selatan Barat (820702)...
Fetching villages for Morotai Jaya (820703)...
Fetching villages for Morotai Utara (820704)...
Fetching villages for Morotai Timur (820705)...
Fetching villages for Taliabu Barat (820801)...
Fetching villages for Taliabu Barat Laut (820802)...
Fetching villages for Lede (820803)...
Fetching villages for Taliabu Utara (820804)...
Fetching villages for Taliabu Timur (820805)...
Fetching villages for Taliabu Timur Selatan (820806)...
Fetching villages for Taliabu Selatan (820807)...
Fetching villages for Tabona (820808)...
Fetching villages for Pulau Ternate (827101)...
Fetching villages for Kota Ternate Selatan (827102)...
Fetching villages for Kota Ternate Utara (827103)...
Fetching villages for Moti (827104)...
Fetching villages for Pulau Batang Dua (827105)...
Fetching villages for Kota Ternate Tengah (827106)...
Fetching villages for Pulau Hiri (827107)...
Fetching villages for Ternate Barat (827108)...
Fetching villages for Tidore (827201)...
Fetching villages for Oba Utara (827202)...
Fetching villages for Oba (827203)...
Fetching villages for Tidore Selatan (827204)...
Fetching villages for Tidore Utara (827205)...
Fetching villages for Oba Tengah (827206)...
Fetching villages for Oba Selatan (827207)...
Fetching villages for Tidore Timur (827208)...
Fetching villages for Merauke (910101)...
Fetching villages for Muting (910102)...
Fetching villages for Okaba (910103)...
Fetching villages for Kimaam (910104)...
Fetching villages for Semangga (910105)...
Fetching villages for Tanah Miring (910106)...
Fetching villages for Jagebob (910107)...
Fetching villages for Sota (910108)...
Fetching villages for Ulilin (910109)...
Fetching villages for Elikobal (910110)...
Fetching villages for Kurik (910111)...
Fetching villages for Naukenjerai (910112)...
Fetching villages for Animha (910113)...
Fetching villages for Malind (910114)...
Fetching villages for Tubang (910115)...
Fetching villages for Ngguti (910116)...
Fetching villages for Kaptel (910117)...
Fetching villages for Tabonji (910118)...
Fetching villages for Waan (910119)...
Fetching villages for Ilwayab (910120)...
Fetching villages for Wamena (910201)...
Fetching villages for Kurulu (910203)...
Fetching villages for Asologaima (910204)...
Fetching villages for Hubikosi (910212)...
Fetching villages for Bolakme (910215)...
Fetching villages for Walelagama (910225)...
Fetching villages for Musatfak (910227)...
Fetching villages for Wolo (910228)...
Fetching villages for Asolokobal (910229)...
Fetching villages for Pelebaga (910234)...
Fetching villages for Yalengga (910235)...
Fetching villages for Trikora (910240)...
Fetching villages for Napua (910241)...
Fetching villages for Walaik (910242)...
Fetching villages for Wouma (910243)...
Fetching villages for Hubikiak (910244)...
Fetching villages for Ibele (910245)...
Fetching villages for Taelarek (910246)...
Fetching villages for Itlay Hisage (910247)...
Fetching villages for Siepkosi (910248)...
Fetching villages for Usilimo (910249)...
Fetching villages for Wita Waya (910250)...
Fetching villages for Libarek (910251)...
Fetching villages for Wadangku (910252)...
Fetching villages for Pisugi (910253)...
Fetching villages for Koragi (910254)...
Fetching villages for Tagime (910255)...
Fetching villages for Molagalome (910256)...
Fetching villages for Tagineri (910257)...
Fetching villages for Silo Karno Doga (910258)...
Fetching villages for Piramid (910259)...
Fetching villages for Muliama (910260)...
Fetching villages for Bugi (910261)...
Fetching villages for Bpiri (910262)...
Fetching villages for Welesi (910263)...
Fetching villages for Asotipo (910264)...
Fetching villages for Maima (910265)...
Fetching villages for Popugoba (910266)...
Fetching villages for Wame (910267)...
Fetching villages for Wesaput (910268)...
Fetching villages for Sentani (910301)...
Fetching villages for Sentani Timur (910302)...
Fetching villages for Depapre (910303)...
Fetching villages for Sentani Barat (910304)...
Fetching villages for Kemtuk (910305)...
Fetching villages for Kemtuk Gresi (910306)...
Fetching villages for Nimboran (910307)...
Fetching villages for Nimbokrang (910308)...
Fetching villages for Unurum Guay (910309)...
Fetching villages for Demta (910310)...
Fetching villages for Kaureh (910311)...
Fetching villages for Ebungfao (910312)...
Fetching villages for Waibu (910313)...
Fetching villages for Nambluong (910314)...
Fetching villages for Yapsi (910315)...
Fetching villages for Airu (910316)...
Fetching villages for Raveni Rara (910317)...
Fetching villages for Gresi Selatan (910318)...
Fetching villages for Yokari (910319)...
Fetching villages for Nabire (910401)...
Fetching villages for Napan (910402)...
Fetching villages for Yaur (910403)...
Fetching villages for Uwapa (910406)...
Fetching villages for Wanggar (910407)...
Fetching villages for Siriwo (910410)...
Fetching villages for Makimi (910411)...
Fetching villages for Teluk Umar (910412)...
Fetching villages for Teluk Kimi (910416)...
Fetching villages for Yaro (910417)...
Fetching villages for Wapoga (910421)...
Fetching villages for Nabire Barat (910422)...
Fetching villages for Moora (910423)...
Fetching villages for Dipa (910424)...
Fetching villages for Menou (910425)...
Fetching villages for Yapen Selatan (910501)...
Fetching villages for Yapen Barat (910502)...
Fetching villages for Yapen Timur (910503)...
Fetching villages for Angkaisera (910504)...
Fetching villages for Poom (910505)...
Fetching villages for Kosiwo (910506)...
Fetching villages for Yapen Utara (910507)...
Fetching villages for Raimbawi (910508)...
Fetching villages for Teluk Ampimoi (910509)...
Fetching villages for Kepulauan Ambai (910510)...
Fetching villages for Wonawa (910511)...
Fetching villages for Windesi (910512)...
Fetching villages for Pulau Kurudu (910513)...
Fetching villages for Pulau Yerui (910514)...
Fetching villages for Anotaurei (910515)...
Fetching villages for Yawakukat (910516)...
Fetching villages for Biak Kota (910601)...
Fetching villages for Biak Utara (910602)...
Fetching villages for Biak Timur (910603)...
Fetching villages for Numfor Barat (910604)...
Fetching villages for Numfor Timur (910605)...
Fetching villages for Biak Barat (910608)...
Fetching villages for Warsa (910609)...
Fetching villages for Padaido (910610)...
Fetching villages for Yendidori (910611)...
Fetching villages for Samofa (910612)...
Fetching villages for Yawosi (910613)...
Fetching villages for Andey (910614)...
Fetching villages for Swandiwe (910615)...
Fetching villages for Bruyadori (910616)...
Fetching villages for Orkeri (910617)...
Fetching villages for Poiru (910618)...
Fetching villages for Aimando Padaido (910619)...
Fetching villages for Oridek (910620)...
Fetching villages for Bondifuar (910621)...
Fetching villages for Mulia (910701)...
Fetching villages for Ilu (910703)...
Fetching villages for Fawi (910706)...
Fetching villages for Mewoluk (910707)...
Fetching villages for Yamo (910708)...
Fetching villages for Nume (910710)...
Fetching villages for Torere (910711)...
Fetching villages for Tingginambut (910712)...
Fetching villages for Pagaleme (910717)...
Fetching villages for Gurage (910718)...
Fetching villages for Irimuli (910719)...
Fetching villages for Muara (910720)...
Fetching villages for Ilamburawi (910721)...
Fetching villages for Yambi (910722)...
Fetching villages for Lumo (910723)...
Fetching villages for Molanikime (910724)...
Fetching villages for Dokome (910725)...
Fetching villages for Kalome (910726)...
Fetching villages for Wanwi (910727)...
Fetching villages for Yamoneri (910728)...
Fetching villages for Waegi (910729)...
Fetching villages for Nioga (910730)...
Fetching villages for Gubume (910731)...
Fetching villages for Taganombak (910732)...
Fetching villages for Dagai (910733)...
Fetching villages for Kiyage (910734)...
Fetching villages for Paniai Timur (910801)...
Fetching villages for Paniai Barat (910802)...
Fetching villages for Aradide (910804)...
Fetching villages for Bogabaida (910807)...
Fetching villages for Bibida (910809)...
Fetching villages for Dumadama (910812)...
Fetching villages for Siriwo (910813)...
Fetching villages for Kebo (910819)...
Fetching villages for Yatamo (910820)...
Fetching villages for Ekadide (910821)...
Fetching villages for Wegee Muka (910822)...
Fetching villages for Wegee Bino (910823)...
Fetching villages for Pugo Dagi (910824)...
Fetching villages for Muye (910825)...
Fetching villages for Nakama (910826)...
Fetching villages for Teluk Deya (910827)...
Fetching villages for Yagai (910828)...
Fetching villages for Youtadi (910829)...
Fetching villages for Baya Biru (910830)...
Fetching villages for Deiyai Miyo (910831)...
Fetching villages for Dogomo (910832)...
Fetching villages for Aweida (910833)...
Fetching villages for Topiyai (910834)...
Fetching villages for Mimika Baru (910901)...
Fetching villages for Agimuga (910902)...
Fetching villages for Mimika Timur (910903)...
Fetching villages for Mimika Barat (910904)...
Fetching villages for Jita (910905)...
Fetching villages for Jila (910906)...
Fetching villages for Mimika Timur Jauh (910907)...
Fetching villages for Mimika Tengah (910908)...
Fetching villages for Kuala Kencana (910909)...
Fetching villages for Tembagapura (910910)...
Fetching villages for Mimika Barat Jauh (910911)...
Fetching villages for Mimika Barat Tengah (910912)...
Fetching villages for Kwamki Narama (910913)...
Fetching villages for Hoya (910914)...
Fetching villages for Iwaka (910915)...
Fetching villages for Wania (910916)...
Fetching villages for Amar (910917)...
Fetching villages for Alama (910918)...
Fetching villages for Sarmi (911001)...
Fetching villages for Tor Atas (911002)...
Fetching villages for Pantai Barat (911003)...
Fetching villages for Pantai Timur (911004)...
Fetching villages for Bonggo (911005)...
Fetching villages for Apawer Hulu (911009)...
Fetching villages for Sarmi Selatan (911012)...
Fetching villages for Sarmi Timur (911013)...
Fetching villages for Pantai Timur Bagian Barat (911014)...
Fetching villages for Bonggo Timur (911015)...
Fetching villages for Waris (911101)...
Fetching villages for Arso (911102)...
Fetching villages for Senggi (911103)...
Fetching villages for Web (911104)...
Fetching villages for Skanto (911105)...
Fetching villages for Arso Timur (911106)...
Fetching villages for Towe (911107)...
Fetching villages for Arso Barat (911108)...
Fetching villages for Mannem (911109)...
Fetching villages for Yaffi (911110)...
Fetching villages for Kaisenar (911111)...
Fetching villages for Oksibil (911201)...
Fetching villages for Kiwirok (911202)...
Fetching villages for Okbibab (911203)...
Fetching villages for Iwur (911204)...
Fetching villages for Batom (911205)...
Fetching villages for Borme (911206)...
Fetching villages for Kiwirok Timur (911207)...
Fetching villages for Aboy (911208)...
Fetching villages for Pepera (911209)...
Fetching villages for Bime (911210)...
Fetching villages for Alemsom (911211)...
Fetching villages for Okbape (911212)...
Fetching villages for Kalomdol (911213)...
Fetching villages for Oksop (911214)...
Fetching villages for Serambakon (911215)...
Fetching villages for Ok Aom (911216)...
Fetching villages for Kawor (911217)...
Fetching villages for Awinbon (911218)...
Fetching villages for Tarup (911219)...
Fetching villages for Okhika (911220)...
Fetching villages for Oksamol (911221)...
Fetching villages for Oklip (911222)...
Fetching villages for Okbemtau (911223)...
Fetching villages for Oksebang (911224)...
Fetching villages for Okbab (911225)...
Fetching villages for Batani (911226)...
Fetching villages for Weime (911227)...
Fetching villages for Murkim (911228)...
Fetching villages for Mofinop (911229)...
Fetching villages for Jetfa (911230)...
Fetching villages for Teiraplu (911231)...
Fetching villages for Eipumek (911232)...
Fetching villages for Pamek (911233)...
Fetching villages for Nongme (911234)...
Fetching villages for Jayapura Utara (917101)...
Fetching villages for Jayapura Selatan (917102)...
Fetching villages for Abepura (917103)...
Fetching villages for Muara Tami (917104)...
Fetching villages for Heram (917105)...
Fetching villages for KIMAAM (9401010)...
Fetching villages for WAAN (9401011)...
Fetching villages for TABONJI (9401012)...
Fetching villages for ILWAYAB (9401013)...
Fetching villages for OKABA (9401020)...
Fetching villages for TUBANG (9401021)...
Fetching villages for NGGUTI (9401022)...
Fetching villages for KAPTEL (9401023)...
Fetching villages for KURIK (9401030)...
Fetching villages for MALIND (9401031)...
Fetching villages for ANIMHA (9401032)...
Fetching villages for MERAUKE (9401040)...
Fetching villages for SEMANGGA (9401041)...
Fetching villages for TANAH MIRING (9401042)...
Fetching villages for JAGEBOB (9401043)...
Fetching villages for SOTA (9401044)...
Fetching villages for NAUKENJERAI (9401045)...
Fetching villages for MUTING (9401050)...
Fetching villages for ELIGOBEL (9401051)...
Fetching villages for ULILIN (9401052)...
Fetching villages for WAMENA (9402110)...
Fetching villages for ASOLOKOBAL (9402111)...
Fetching villages for WALELAGAMA (9402112)...
Fetching villages for TRIKORA (9402113)...
Fetching villages for NAPUA (9402114)...
Fetching villages for WALAIK (9402115)...
Fetching villages for WOUMA (9402116)...
Fetching villages for WALESI (9402117)...
Fetching villages for ASOTIPO (9402118)...
Fetching villages for MAIMA (9402119)...
Fetching villages for HUBIKOSI (9402120)...
Fetching villages for PELEBAGA (9402121)...
Fetching villages for IBELE (9402122)...
Fetching villages for TAILAREK (9402123)...
Fetching villages for HUBIKIAK (9402124)...
Fetching villages for ASOLOGAIMA (9402180)...
Fetching villages for MUSATFAK (9402181)...
Fetching villages for SILO KARNO DOGA (9402182)...
Fetching villages for PYRAMID (9402183)...
Fetching villages for MULIAMA (9402184)...
Fetching villages for KURULU (9402190)...
Fetching villages for USILIMO (9402191)...
Fetching villages for WITA WAYA (9402192)...
Fetching villages for LIBAREK (9402193)...
Fetching villages for WADANGKU (9402194)...
Fetching villages for PISUGI (9402195)...
Fetching villages for BOLAKME (9402220)...
Fetching villages for WOLLO (9402221)...
Fetching villages for YALENGGA (9402222)...
Fetching villages for TAGIME (9402223)...
Fetching villages for MOLAGALOME (9402224)...
Fetching villages for TAGINERI (9402225)...
Fetching villages for BUGI (9402226)...
Fetching villages for BPIRI (9402227)...
Fetching villages for KORAGI (9402228)...
Fetching villages for ITLAY HASIGE (9402611)...
Fetching villages for SIEPKOSI (9402612)...
Fetching villages for KAUREH (9403080)...
Fetching villages for AIRU (9403081)...
Fetching villages for YAPSI (9403082)...
Fetching villages for KEMTUK (9403140)...
Fetching villages for KEMTUK GRESI (9403150)...
Fetching villages for GRESI SELATAN (9403151)...
Fetching villages for NIMBORAN (9403160)...
Fetching villages for NIMBORAN TIMUR / NAMBLONG (9403161)...
Fetching villages for NIMBOKRANG (9403170)...
Fetching villages for UNURUM GUAY (9403180)...
Fetching villages for DEMTA (9403200)...
Fetching villages for YOKARI (9403201)...
Fetching villages for DEPAPRE (9403210)...
Fetching villages for RAVENIRARA (9403211)...
Fetching villages for SENTANI BARAT (9403220)...
Fetching villages for WAIBU (9403221)...
Fetching villages for SENTANI (9403230)...
Fetching villages for EBUNGFAU (9403231)...
Fetching villages for SENTANI TIMUR (9403240)...
Fetching villages for UWAPA (9404050)...
Fetching villages for MENOU (9404051)...
Fetching villages for DIPA (9404052)...
Fetching villages for YAUR (9404060)...
Fetching villages for TELUK UMAR (9404061)...
Fetching villages for WANGGAR (9404070)...
Fetching villages for NABIRE BARAT (9404071)...
Fetching villages for NABIRE (9404080)...
Fetching villages for TELUK KIMI (9404081)...
Fetching villages for NAPAN (9404090)...
Fetching villages for MAKIMI (9404091)...
Fetching villages for WAPOGA (9404092)...
Fetching villages for KEPULAUAN MOORA (9404093)...
Fetching villages for SIRIWO (9404100)...
Fetching villages for YARO (9404110)...
Fetching villages for YAPEN TIMUR (9408040)...
Fetching villages for PANTURA YAPEN (9408041)...
Fetching villages for TELUK AMPIMOI (9408042)...
Fetching villages for RAIMBAWI (9408043)...
Fetching villages for PULAU KURUDU (9408044)...
Fetching villages for ANGKAISERA (9408050)...
Fetching villages for KEP. AMBAI (9408051)...
Fetching villages for YAPEN SELATAN (9408060)...
Fetching villages for KOSIWO (9408061)...
Fetching villages for YAPEN BARAT (9408070)...
Fetching villages for WONAWA (9408071)...
Fetching villages for PULAU YERUI (9408072)...
Fetching villages for POOM (9408080)...
Fetching villages for WINDESI (9408081)...
Fetching villages for NUMFOR BARAT (9409010)...
Fetching villages for ORKERI (9409011)...
Fetching villages for NUMFOR TIMUR (9409020)...
Fetching villages for BRUYADORI (9409021)...
Fetching villages for POIRU (9409022)...
Fetching villages for PADAIDO (9409030)...
Fetching villages for AIMANDO PADAIDO (9409031)...
Fetching villages for BIAK TIMUR (9409040)...
Fetching villages for ORIDEK (9409041)...
Fetching villages for BIAK KOTA (9409050)...
Fetching villages for SAMOFA (9409060)...
Fetching villages for YENDIDORI (9409070)...
Fetching villages for BIAK UTARA (9409080)...
Fetching villages for ANDEY (9409081)...
Fetching villages for WARSA (9409090)...
Fetching villages for YAWOSI (9409091)...
Fetching villages for BONDIFUAR (9409092)...
Fetching villages for BIAK BARAT (9409100)...
Fetching villages for SWANDIWE (9409101)...
Fetching villages for PANIAI TIMUR (9410030)...
Fetching villages for YATAMO (9410031)...
Fetching villages for KEBO (9410032)...
Fetching villages for BIBIDA (9410040)...
Fetching villages for DUMADAMA (9410041)...
Fetching villages for ARADIDE (9410070)...
Fetching villages for EKADIDE (9410071)...
Fetching villages for PANIAI BARAT (9410080)...
Fetching villages for SIRIWO (9410081)...
Fetching villages for BOGOBAIDA (9410090)...
Fetching villages for FAWI (9411040)...
Fetching villages for DAGAI (9411041)...
Fetching villages for KIYAGE (9411042)...
Fetching villages for MULIA (9411050)...
Fetching villages for YAMBI (9411053)...
Fetching villages for ILAMBURAWI (9411054)...
Fetching villages for MUARA (9411055)...
Fetching villages for PAGALEME (9411056)...
Fetching villages for GURAGE (9411057)...
Fetching villages for IRIMULI (9411058)...
Fetching villages for ILU (9411060)...
Fetching villages for TORERE (9411061)...
Fetching villages for YAMONERI (9411063)...
Fetching villages for WAEGI (9411064)...
Fetching villages for NUME (9411065)...
Fetching villages for NIOGA (9411066)...
Fetching villages for GUBUME (9411067)...
Fetching villages for TAGANOMBAK (9411068)...
Fetching villages for TINGGINAMBUT (9411070)...
Fetching villages for KALOME (9411071)...
Fetching villages for WANWI (9411072)...
Fetching villages for MEWOLUK (9411080)...
Fetching villages for LUMO (9411081)...
Fetching villages for MOLANIKIME (9411082)...
Fetching villages for YAMO (9411090)...
Fetching villages for DOKOME (9411091)...
Fetching villages for MIMIKA BARAT (9412010)...
Fetching villages for MIMIKA BARAT JAUH (9412011)...
Fetching villages for MIMIKA BARAT TENGAH (9412012)...
Fetching villages for AMAR (9412013)...
Fetching villages for MIMIKA TIMUR (9412020)...
Fetching villages for MIMIKA TENGAH (9412021)...
Fetching villages for MIMIKA TIMUR JAUH (9412022)...
Fetching villages for MIMIKA BARU (9412030)...
Fetching villages for KUALA KENCANA (9412031)...
Fetching villages for TEMBAGAPURA (9412032)...
Fetching villages for WANIA (9412033)...
Fetching villages for IWAKA (9412034)...
Fetching villages for KWAMKI NARAMA (9412035)...
Fetching villages for AGIMUGA (9412040)...
Fetching villages for JILA (9412041)...
Fetching villages for JITA (9412042)...
Fetching villages for ALAMA (9412043)...
Fetching villages for HOYA (9412044)...
Fetching villages for JAIR (9413010)...
Fetching villages for SUBUR (9413011)...
Fetching villages for KIA (9413013)...
Fetching villages for MINDIPTANA (9413020)...
Fetching villages for INIYANDIT (9413021)...
Fetching villages for KOMBUT (9413022)...
Fetching villages for SESNUK (9413023)...
Fetching villages for MANDOBO (9413030)...
Fetching villages for FOFI (9413031)...
Fetching villages for ARIMOP (9413032)...
Fetching villages for KOUH (9413040)...
Fetching villages for BOMAKIA (9413041)...
Fetching villages for FIRIWAGE (9413042)...
Fetching villages for MANGGELUM (9413043)...
Fetching villages for YANIRUMA (9413044)...
Fetching villages for KAWAGIT (9413045)...
Fetching villages for KOMBAY (9413046)...
Fetching villages for WAROPKO (9413050)...
Fetching villages for AMBATKWI (9413051)...
Fetching villages for NINATI (9413052)...
Fetching villages for NAMBIOMAN BAPAI (9414010)...
Fetching villages for MINYAMUR (9414011)...
Fetching villages for EDERA (9414020)...
Fetching villages for VENAHA (9414021)...
Fetching villages for SYAHCAME (9414022)...
Fetching villages for BAMGI (9414023)...
Fetching villages for YAKOMI (9414024)...
Fetching villages for OBAA (9414030)...
Fetching villages for PASSUE (9414031)...
Fetching villages for HAJU (9414040)...
Fetching villages for ASSUE (9414050)...
Fetching villages for CITAKMITAK (9414060)...
Fetching villages for KAIBAR (9414061)...
Fetching villages for PASSUE BAWAH (9414062)...
Fetching villages for TI-ZAIN (9414063)...
Fetching villages for PANTAI KASUARI (9415010)...
Fetching villages for KOPAY (9415011)...
Fetching villages for DER KOUMUR (9415012)...
Fetching villages for SAFAN (9415013)...
Fetching villages for FAYIT (9415020)...
Fetching villages for ATSY (9415030)...
Fetching villages for SIRETS (9415031)...
Fetching villages for AYIP (9415032)...
Fetching villages for BECTBAMU (9415033)...
Fetching villages for SUATOR (9415040)...
Fetching villages for KOLF BRAZA (9415041)...
Fetching villages for AKAT (9415050)...
Fetching villages for JETSY (9415051)...
Fetching villages for AGATS (9415060)...
Fetching villages for SAWA ERMA (9415070)...
Fetching villages for SURU-SURU (9415071)...
Fetching villages for UNIR SIRAU (9415072)...
Fetching villages for JOERAT (9415073)...
Fetching villages for PULAU TIGA (9415074)...
Fetching villages for KURIMA (9416010)...
Fetching villages for MUSAIK (9416011)...
Fetching villages for DEKAI (9416013)...
Fetching villages for OBIO (9416014)...
Fetching villages for PASEMA (9416015)...
Fetching villages for AMUMA (9416016)...
Fetching villages for SURU-SURU (9416017)...
Fetching villages for WUSAMA (9416018)...
Fetching villages for SILIMO (9416019)...
Fetching villages for NINIA (9416020)...
Fetching villages for HOLUWON (9416021)...
Fetching villages for LOLAT (9416022)...
Fetching villages for LANGDA (9416023)...
Fetching villages for BOMELA (9416024)...
Fetching villages for SUNTAMON (9416025)...
Fetching villages for SOBAHAM (9416026)...
Fetching villages for KORUPUN (9416027)...
Fetching villages for SELA (9416028)...
Fetching villages for KWELAMDUA (9416029)...
Fetching villages for ANGGRUK (9416030)...
Fetching villages for PANGGEMA (9416031)...
Fetching villages for WALMA (9416032)...
Fetching villages for KOSAREK (9416033)...
Fetching villages for UBAHAK (9416034)...
Fetching villages for NALCA (9416035)...
Fetching villages for PULDAMA (9416036)...
Fetching villages for NIPSAN (9416037)...
Fetching villages for SAMENAGE (9416041)...
Fetching villages for TANGMA (9416042)...
Fetching villages for SOBA (9416043)...
Fetching villages for MUGI (9416044)...
Fetching villages for YOGOSEM (9416045)...
Fetching villages for KAYO (9416046)...
Fetching villages for SUMO (9416047)...
Fetching villages for HOGIO (9416048)...
Fetching villages for UKHA (9416049)...
Fetching villages for WERIMA (9416051)...
Fetching villages for SOLOIKMA (9416052)...
Fetching villages for SERADALA (9416053)...
Fetching villages for KABIANGGAMA (9416054)...
Fetching villages for KWIKMA (9416055)...
Fetching villages for HILIPUK (9416056)...
Fetching villages for YAHULIAMBUT (9416057)...
Fetching villages for HEREAPINI (9416058)...
Fetching villages for UBALIHI (9416059)...
Fetching villages for TALAMBO (9416061)...
Fetching villages for PRONGGOLI (9416062)...
Fetching villages for ENDOMEN (9416063)...
Fetching villages for KONA (9416065)...
Fetching villages for DURAM (9416066)...
Fetching villages for DIRWEMNA (9416067)...
Fetching villages for IWUR (9417010)...
Fetching villages for KAWOR (9417011)...
Fetching villages for TARUP (9417012)...
Fetching villages for AWINBON (9417013)...
Fetching villages for OKSIBIL (9417020)...
Fetching villages for PEPERA (9417021)...
Fetching villages for ALEMSOM (9417022)...
Fetching villages for SERAMBAKON (9417023)...
Fetching villages for KOLOMDOL (9417024)...
Fetching villages for OKSOP (9417025)...
Fetching villages for OK BAPE (9417026)...
Fetching villages for OK AON (9417027)...
Fetching villages for BORME (9417030)...
Fetching villages for BIME (9417031)...
Fetching villages for EPUMEK (9417032)...
Fetching villages for WEIME (9417033)...
Fetching villages for PAMEK (9417034)...
Fetching villages for NONGME (9417035)...
Fetching villages for BATANI (9417036)...
Fetching villages for OKBI (9417040)...
Fetching villages for ABOY (9417041)...
Fetching villages for OKBAB (9417042)...
Fetching villages for TEIRAPLU (9417043)...
Fetching villages for YEFTA (9417044)...
Fetching villages for KIWIROK (9417050)...
Fetching villages for KIWIROK TIMUR (9417051)...
Fetching villages for OKSEBANG (9417052)...
Fetching villages for OKHIKA (9417053)...
Fetching villages for OKLIP (9417054)...
Fetching villages for OKSAMOL (9417055)...
Fetching villages for OKBEMTA (9417056)...
Fetching villages for BATOM (9417060)...
Fetching villages for MURKIM (9417061)...
Fetching villages for MOFINOP (9417062)...
Fetching villages for KANGGIME (9418010)...
Fetching villages for WONIKI (9418011)...
Fetching villages for NABUNAGE (9418012)...
Fetching villages for GILUBANDU (9418013)...
Fetching villages for WAKUO (9418014)...
Fetching villages for AWEKU (9418015)...
Fetching villages for BOGONUK (9418016)...
Fetching villages for KARUBAGA (9418020)...
Fetching villages for GOYAGE (9418021)...
Fetching villages for WUNIN (9418022)...
Fetching villages for KONDAGA (9418023)...
Fetching villages for NELAWI (9418024)...
Fetching villages for KUARI (9418025)...
Fetching villages for LIANOGOMA (9418026)...
Fetching villages for BIUK (9418027)...
Fetching villages for BOKONDINI (9418030)...
Fetching villages for BOKONERI (9418031)...
Fetching villages for BEWANI (9418032)...
Fetching villages for KEMBU (9418040)...
Fetching villages for WINA (9418041)...
Fetching villages for UMAGI (9418042)...
Fetching villages for PANAGA (9418043)...
Fetching villages for POGANERI (9418044)...
Fetching villages for KAMBONERI (9418045)...
Fetching villages for AIR GARAM (9418046)...
Fetching villages for DOW (9418047)...
Fetching villages for WARI / TAIYEVE (9418048)...
Fetching villages for EGIAM (9418049)...
Fetching villages for NUNGGAWI (9418051)...
Fetching villages for KUBU (9418060)...
Fetching villages for ANAWI (9418061)...
Fetching villages for WUGI (9418062)...
Fetching villages for GEYA (9418070)...
Fetching villages for WENAM (9418071)...
Fetching villages for NUMBA (9418080)...
Fetching villages for KAI (9418081)...
Fetching villages for DUNDU (9418090)...
Fetching villages for GUNDAGI (9418100)...
Fetching villages for TIMORI (9418110)...
Fetching villages for YUNERI (9418121)...
Fetching villages for TAGIME (9418125)...
Fetching villages for DANIME (9418126)...
Fetching villages for YUKO (9418127)...
Fetching villages for TELENGGEME (9418541)...
Fetching villages for GIKA (9418542)...
Fetching villages for TAGINERI (9418543)...
Fetching villages for PANTAI TIMUR BAGIAN BARAT (9419021)...
Fetching villages for PANTAI TIMUR (9419022)...
Fetching villages for SUNGAI BIRI (9419024)...
Fetching villages for BONGGO (9419031)...
Fetching villages for BONGGO TIMUR (9419032)...
Fetching villages for BONGGO BARAT (9419033)...
Fetching villages for TOR ATAS (9419040)...
Fetching villages for ISMARI (9419041)...
Fetching villages for SARMI (9419050)...
Fetching villages for SARMI TIMUR (9419051)...
Fetching villages for SARMI SELATAN (9419052)...
Fetching villages for SOBEY (9419053)...
Fetching villages for MUARA TOR (9419054)...
Fetching villages for VERKAM (9419055)...
Fetching villages for PANTAI BARAT (9419060)...
Fetching villages for APAWER HULU (9419061)...
Fetching villages for APAWER HILIR (9419062)...
Fetching villages for APAWER TENGAH (9419063)...
Fetching villages for WEB (9420010)...
Fetching villages for TOWE (9420011)...
Fetching villages for SENGGI (9420020)...
Fetching villages for WARIS (9420030)...
Fetching villages for ARSO (9420040)...
Fetching villages for ARSO TIMUR (9420041)...
Fetching villages for SKANTO (9420050)...
Fetching villages for WAROPEN BAWAH (9426010)...
Fetching villages for INGGERUS (9426011)...
Fetching villages for UREI FAISEI (9426012)...
Fetching villages for OUDATE (9426013)...
Fetching villages for WAPOGA (9426014)...
Fetching villages for MASIREI (9426020)...
Fetching villages for RISEI SAYATI (9426021)...
Fetching villages for DEMBA (9426022)...
Fetching villages for WALANI (9426030)...
Fetching villages for KIRIHI (9426040)...
Fetching villages for SUPIORI SELATAN (9427010)...
Fetching villages for KEPULAUAN ARURI (9427011)...
Fetching villages for SUPIORI UTARA (9427020)...
Fetching villages for SUPIORI BARAT (9427021)...
Fetching villages for SUPIORI TIMUR (9427030)...
Fetching villages for WAROPEN ATAS (9428030)...
Fetching villages for BENUKI (9428031)...
Fetching villages for SAWAI (9428032)...
Fetching villages for MAMBERAMO ILIR (9428040)...
Fetching villages for MAMBERAMO TENGAH (9428050)...
Fetching villages for IWASO (9428051)...
Fetching villages for MAMBERAMO TENGAH TIMUR (9428060)...
Fetching villages for ROFAER (9428070)...
Fetching villages for MAMBERAMO ULU (9428080)...
Fetching villages for WOSAK (9429010)...
Fetching villages for KENYAM (9429020)...
Fetching villages for GESELMA (9429030)...
Fetching villages for MAPENDUMA (9429040)...
Fetching villages for MUGI (9429050)...
Fetching villages for YIGI (9429060)...
Fetching villages for MBUWA (9429070)...
Fetching villages for GEAREK (9429080)...
Fetching villages for MAKKI (9430010)...
Fetching villages for PIRIME (9430020)...
Fetching villages for TIOM (9430030)...
Fetching villages for BALINGGA (9430040)...
Fetching villages for KUYAWAGE (9430050)...
Fetching villages for MALAGAINERI (9430060)...
Fetching villages for TIOMNERI (9430070)...
Fetching villages for DIMBA (9430080)...
Fetching villages for GAMELIA (9430090)...
Fetching villages for POGA (9430100)...
Fetching villages for KOBAKMA (9431010)...
Fetching villages for ILUGWA (9431020)...
Fetching villages for KELILA (9431030)...
Fetching villages for ERAGAYAM (9431040)...
Fetching villages for MEGAMBILIS (9431050)...
Fetching villages for WELAREK (9432010)...
Fetching villages for APALAPSILI (9432020)...
Fetching villages for ABENAHO (9432030)...
Fetching villages for ELELIM (9432040)...
Fetching villages for BENAWA (9432050)...
Fetching villages for AGADUGUME (9433010)...
Fetching villages for GOME (9433020)...
Fetching villages for ILAGA (9433030)...
Fetching villages for SINAK (9433040)...
Fetching villages for POGOMA (9433050)...
Fetching villages for WANGBE (9433060)...
Fetching villages for BEOGA (9433070)...
Fetching villages for DOUFO (9433080)...
Fetching villages for SUKIKAI SELATAN (9434010)...
Fetching villages for PIYAIYE (9434020)...
Fetching villages for MAPIA BARAT (9434030)...
Fetching villages for MAPIA TENGAH (9434040)...
Fetching villages for MAPIA (9434050)...
Fetching villages for DOGIYAI (9434060)...
Fetching villages for KAMU SELATAN (9434070)...
Fetching villages for KAMU (9434080)...
Fetching villages for KAMU TIMUR (9434090)...
Fetching villages for KAMU UTARA (9434100)...
Fetching villages for HOMEYO (9435010)...
Fetching villages for SUGAPA (9435020)...
Fetching villages for HITADIPA (9435030)...
Fetching villages for AGISIGA (9435040)...
Fetching villages for BIANDOGA (9435050)...
Fetching villages for WANDAI (9435060)...
Fetching villages for KAPIRAYA (9436010)...
Fetching villages for TIGI BARAT (9436020)...
Fetching villages for TIGI (9436030)...
Fetching villages for TIGI TIMUR (9436040)...
Fetching villages for BOWOBADO (9436050)...
Fetching villages for MUARA TAMI (9471010)...
Fetching villages for ABEPURA (9471020)...
Fetching villages for HERAM (9471021)...
Fetching villages for JAYAPURA SELATAN (9471030)...
Fetching villages for JAYAPURA UTARA (9471040)...
✅ Villages fetch complete: 7179 districts processed, 0 errors
📊 Total villages: 82780
✅ Saved 82780 villages to indonesian-villages-complete.json
🎉 Complete villages data fetch finished!
